project_id,similar_project_id,similarity_score,potential_duplicate_flag
WS/MP18278/2024-2025/135168,WS/MP18278/2024-2025/135169,1.0,1
WS/MP18278/2024-2025/135168,WS/MP18278/2024-2025/135170,1.0,1
WS/MP18278/2024-2025/135169,WS/MP18278/2024-2025/135170,1.0,1
WS/MP18006/2024-2025/135642,WS/MP18006/2024-2025/135643,0.9207,1
WS/MP18144/2024-2025/135750,WS/MP18144/2024-2025/135751,1.0,1
WS/MP18144/2024-2025/135750,WS/MP18144/2024-2025/135752,1.0,1
WS/MP18144/2024-2025/135750,WS/MP18144/2024-2025/135753,1.0,1
WS/MP18144/2024-2025/135750,WS/MP18144/2024-2025/135754,1.0,1
WS/MP18144/2024-2025/135750,WS/MP18144/2024-2025/135755,1.0,1
WS/MP18144/2024-2025/135750,WS/MP18144/2024-2025/135756,1.0,1
WS/MP18144/2024-2025/135750,WS/MP18144/2024-2025/135757,1.0,1
WS/MP18144/2024-2025/135750,WS/MP18144/2024-2025/135758,1.0,1
WS/MP18144/2024-2025/135751,WS/MP18144/2024-2025/135752,1.0,1
WS/MP18144/2024-2025/135751,WS/MP18144/2024-2025/135753,1.0,1
WS/MP18144/2024-2025/135751,WS/MP18144/2024-2025/135754,1.0,1
WS/MP18144/2024-2025/135751,WS/MP18144/2024-2025/135755,1.0,1
WS/MP18144/2024-2025/135751,WS/MP18144/2024-2025/135756,1.0,1
WS/MP18144/2024-2025/135751,WS/MP18144/2024-2025/135757,1.0,1
WS/MP18144/2024-2025/135751,WS/MP18144/2024-2025/135758,1.0,1
WS/MP18144/2024-2025/135752,WS/MP18144/2024-2025/135753,1.0,1
WS/MP18144/2024-2025/135752,WS/MP18144/2024-2025/135754,1.0,1
WS/MP18144/2024-2025/135752,WS/MP18144/2024-2025/135755,1.0,1
WS/MP18144/2024-2025/135752,WS/MP18144/2024-2025/135756,1.0,1
WS/MP18144/2024-2025/135752,WS/MP18144/2024-2025/135757,1.0,1
WS/MP18144/2024-2025/135752,WS/MP18144/2024-2025/135758,1.0,1
WS/MP18144/2024-2025/135753,WS/MP18144/2024-2025/135754,1.0,1
WS/MP18144/2024-2025/135753,WS/MP18144/2024-2025/135755,1.0,1
WS/MP18144/2024-2025/135753,WS/MP18144/2024-2025/135756,1.0,1
WS/MP18144/2024-2025/135753,WS/MP18144/2024-2025/135757,1.0,1
WS/MP18144/2024-2025/135753,WS/MP18144/2024-2025/135758,1.0,1
WS/MP18144/2024-2025/135754,WS/MP18144/2024-2025/135755,1.0,1
WS/MP18144/2024-2025/135754,WS/MP18144/2024-2025/135756,1.0,1
WS/MP18144/2024-2025/135754,WS/MP18144/2024-2025/135757,1.0,1
WS/MP18144/2024-2025/135754,WS/MP18144/2024-2025/135758,1.0,1
WS/MP18144/2024-2025/135755,WS/MP18144/2024-2025/135756,1.0,1
WS/MP18144/2024-2025/135755,WS/MP18144/2024-2025/135757,1.0,1
WS/MP18144/2024-2025/135755,WS/MP18144/2024-2025/135758,1.0,1
WS/MP18144/2024-2025/135756,WS/MP18144/2024-2025/135757,1.0,1
WS/MP18144/2024-2025/135756,WS/MP18144/2024-2025/135758,1.0,1
WS/MP18144/2024-2025/135757,WS/MP18144/2024-2025/135758,1.0,1
WS/MP18065/2024-2025/135796,WS/MP18065/2024-2025/135797,1.0,1
WS/MP18065/2024-2025/135798,WS/MP18065/2024-2025/135799,1.0,1
WS/MP643/2024-2025/135908,WS/MP643/2024-2025/135909,1.0,1
WS/MP643/2024-2025/135908,WS/MP643/2024-2025/135911,1.0,1
WS/MP643/2024-2025/135908,WS/MP643/2024-2025/135912,1.0,1
WS/MP643/2024-2025/135908,WS/MP643/2024-2025/135914,1.0,1
WS/MP643/2024-2025/135908,WS/MP643/2024-2025/135915,1.0,1
WS/MP643/2024-2025/135908,WS/MP643/2024-2025/135916,1.0,1
WS/MP643/2024-2025/135908,WS/MP643/2024-2025/135917,1.0,1
WS/MP643/2024-2025/135909,WS/MP643/2024-2025/135911,1.0,1
WS/MP643/2024-2025/135909,WS/MP643/2024-2025/135912,1.0,1
WS/MP643/2024-2025/135909,WS/MP643/2024-2025/135914,1.0,1
WS/MP643/2024-2025/135909,WS/MP643/2024-2025/135915,1.0,1
WS/MP643/2024-2025/135909,WS/MP643/2024-2025/135916,1.0,1
WS/MP643/2024-2025/135909,WS/MP643/2024-2025/135917,1.0,1
WS/MP643/2024-2025/135911,WS/MP643/2024-2025/135912,1.0,1
WS/MP643/2024-2025/135911,WS/MP643/2024-2025/135914,1.0,1
WS/MP643/2024-2025/135911,WS/MP643/2024-2025/135915,1.0,1
WS/MP643/2024-2025/135911,WS/MP643/2024-2025/135916,1.0,1
WS/MP643/2024-2025/135911,WS/MP643/2024-2025/135917,1.0,1
WS/MP643/2024-2025/135912,WS/MP643/2024-2025/135914,1.0,1
WS/MP643/2024-2025/135912,WS/MP643/2024-2025/135915,1.0,1
WS/MP643/2024-2025/135912,WS/MP643/2024-2025/135916,1.0,1
WS/MP643/2024-2025/135912,WS/MP643/2024-2025/135917,1.0,1
WS/MP643/2024-2025/135914,WS/MP643/2024-2025/135915,1.0,1
WS/MP643/2024-2025/135914,WS/MP643/2024-2025/135916,1.0,1
WS/MP643/2024-2025/135914,WS/MP643/2024-2025/135917,1.0,1
WS/MP643/2024-2025/135915,WS/MP643/2024-2025/135916,1.0,1
WS/MP643/2024-2025/135915,WS/MP643/2024-2025/135917,1.0,1
WS/MP643/2024-2025/135916,WS/MP643/2024-2025/135917,1.0,1
WS/MP552/2024-2025/135978,WS/MP552/2024-2025/135979,0.9312,1
WS/MP643/2024-2025/135993,WS/MP643/2024-2025/135994,1.0,1
WS/MP643/2024-2025/135993,WS/MP643/2024-2025/135995,1.0,1
WS/MP643/2024-2025/135993,WS/MP643/2024-2025/135996,1.0,1
WS/MP643/2024-2025/135993,WS/MP643/2024-2025/135997,1.0,1
WS/MP643/2024-2025/135993,WS/MP643/2024-2025/135998,1.0,1
WS/MP643/2024-2025/135993,WS/MP643/2024-2025/135999,1.0,1
WS/MP643/2024-2025/135993,WS/MP643/2024-2025/136000,1.0,1
WS/MP643/2024-2025/135993,WS/MP643/2024-2025/136001,1.0,1
WS/MP643/2024-2025/135993,WS/MP643/2024-2025/136002,1.0,1
WS/MP643/2024-2025/135993,WS/MP643/2024-2025/136003,1.0,1
WS/MP643/2024-2025/135993,WS/MP643/2024-2025/136004,1.0,1
WS/MP643/2024-2025/135993,WS/MP643/2024-2025/136005,1.0,1
WS/MP643/2024-2025/135993,WS/MP643/2024-2025/136006,1.0,1
WS/MP643/2024-2025/135993,WS/MP643/2024-2025/136007,1.0,1
WS/MP643/2024-2025/135993,WS/MP643/2024-2025/136008,1.0,1
WS/MP643/2024-2025/135993,WS/MP643/2024-2025/136009,1.0,1
WS/MP643/2024-2025/135993,WS/MP643/2024-2025/136010,1.0,1
WS/MP643/2024-2025/135994,WS/MP643/2024-2025/135995,1.0,1
WS/MP643/2024-2025/135994,WS/MP643/2024-2025/135996,1.0,1
WS/MP643/2024-2025/135994,WS/MP643/2024-2025/135997,1.0,1
WS/MP643/2024-2025/135994,WS/MP643/2024-2025/135998,1.0,1
WS/MP643/2024-2025/135994,WS/MP643/2024-2025/135999,1.0,1
WS/MP643/2024-2025/135994,WS/MP643/2024-2025/136000,1.0,1
WS/MP643/2024-2025/135994,WS/MP643/2024-2025/136001,1.0,1
WS/MP643/2024-2025/135994,WS/MP643/2024-2025/136002,1.0,1
WS/MP643/2024-2025/135994,WS/MP643/2024-2025/136003,1.0,1
WS/MP643/2024-2025/135994,WS/MP643/2024-2025/136004,1.0,1
WS/MP643/2024-2025/135994,WS/MP643/2024-2025/136005,1.0,1
WS/MP643/2024-2025/135994,WS/MP643/2024-2025/136006,1.0,1
WS/MP643/2024-2025/135994,WS/MP643/2024-2025/136007,1.0,1
WS/MP643/2024-2025/135994,WS/MP643/2024-2025/136008,1.0,1
WS/MP643/2024-2025/135994,WS/MP643/2024-2025/136009,1.0,1
WS/MP643/2024-2025/135994,WS/MP643/2024-2025/136010,1.0,1
WS/MP643/2024-2025/135995,WS/MP643/2024-2025/135996,1.0,1
WS/MP643/2024-2025/135995,WS/MP643/2024-2025/135997,1.0,1
WS/MP643/2024-2025/135995,WS/MP643/2024-2025/135998,1.0,1
WS/MP643/2024-2025/135995,WS/MP643/2024-2025/135999,1.0,1
WS/MP643/2024-2025/135995,WS/MP643/2024-2025/136000,1.0,1
WS/MP643/2024-2025/135995,WS/MP643/2024-2025/136001,1.0,1
WS/MP643/2024-2025/135995,WS/MP643/2024-2025/136002,1.0,1
WS/MP643/2024-2025/135995,WS/MP643/2024-2025/136003,1.0,1
WS/MP643/2024-2025/135995,WS/MP643/2024-2025/136004,1.0,1
WS/MP643/2024-2025/135995,WS/MP643/2024-2025/136005,1.0,1
WS/MP643/2024-2025/135995,WS/MP643/2024-2025/136006,1.0,1
WS/MP643/2024-2025/135995,WS/MP643/2024-2025/136007,1.0,1
WS/MP643/2024-2025/135995,WS/MP643/2024-2025/136008,1.0,1
WS/MP643/2024-2025/135995,WS/MP643/2024-2025/136009,1.0,1
WS/MP643/2024-2025/135995,WS/MP643/2024-2025/136010,1.0,1
WS/MP643/2024-2025/135996,WS/MP643/2024-2025/135997,1.0,1
WS/MP643/2024-2025/135996,WS/MP643/2024-2025/135998,1.0,1
WS/MP643/2024-2025/135996,WS/MP643/2024-2025/135999,1.0,1
WS/MP643/2024-2025/135996,WS/MP643/2024-2025/136000,1.0,1
WS/MP643/2024-2025/135996,WS/MP643/2024-2025/136001,1.0,1
WS/MP643/2024-2025/135996,WS/MP643/2024-2025/136002,1.0,1
WS/MP643/2024-2025/135996,WS/MP643/2024-2025/136003,1.0,1
WS/MP643/2024-2025/135996,WS/MP643/2024-2025/136004,1.0,1
WS/MP643/2024-2025/135996,WS/MP643/2024-2025/136005,1.0,1
WS/MP643/2024-2025/135996,WS/MP643/2024-2025/136006,1.0,1
WS/MP643/2024-2025/135996,WS/MP643/2024-2025/136007,1.0,1
WS/MP643/2024-2025/135996,WS/MP643/2024-2025/136008,1.0,1
WS/MP643/2024-2025/135996,WS/MP643/2024-2025/136009,1.0,1
WS/MP643/2024-2025/135996,WS/MP643/2024-2025/136010,1.0,1
WS/MP643/2024-2025/135997,WS/MP643/2024-2025/135998,1.0,1
WS/MP643/2024-2025/135997,WS/MP643/2024-2025/135999,1.0,1
WS/MP643/2024-2025/135997,WS/MP643/2024-2025/136000,1.0,1
WS/MP643/2024-2025/135997,WS/MP643/2024-2025/136001,1.0,1
WS/MP643/2024-2025/135997,WS/MP643/2024-2025/136002,1.0,1
WS/MP643/2024-2025/135997,WS/MP643/2024-2025/136003,1.0,1
WS/MP643/2024-2025/135997,WS/MP643/2024-2025/136004,1.0,1
WS/MP643/2024-2025/135997,WS/MP643/2024-2025/136005,1.0,1
WS/MP643/2024-2025/135997,WS/MP643/2024-2025/136006,1.0,1
WS/MP643/2024-2025/135997,WS/MP643/2024-2025/136007,1.0,1
WS/MP643/2024-2025/135997,WS/MP643/2024-2025/136008,1.0,1
WS/MP643/2024-2025/135997,WS/MP643/2024-2025/136009,1.0,1
WS/MP643/2024-2025/135997,WS/MP643/2024-2025/136010,1.0,1
WS/MP643/2024-2025/135998,WS/MP643/2024-2025/135999,1.0,1
WS/MP643/2024-2025/135998,WS/MP643/2024-2025/136000,1.0,1
WS/MP643/2024-2025/135998,WS/MP643/2024-2025/136001,1.0,1
WS/MP643/2024-2025/135998,WS/MP643/2024-2025/136002,1.0,1
WS/MP643/2024-2025/135998,WS/MP643/2024-2025/136003,1.0,1
WS/MP643/2024-2025/135998,WS/MP643/2024-2025/136004,1.0,1
WS/MP643/2024-2025/135998,WS/MP643/2024-2025/136005,1.0,1
WS/MP643/2024-2025/135998,WS/MP643/2024-2025/136006,1.0,1
WS/MP643/2024-2025/135998,WS/MP643/2024-2025/136007,1.0,1
WS/MP643/2024-2025/135998,WS/MP643/2024-2025/136008,1.0,1
WS/MP643/2024-2025/135998,WS/MP643/2024-2025/136009,1.0,1
WS/MP643/2024-2025/135998,WS/MP643/2024-2025/136010,1.0,1
WS/MP643/2024-2025/135999,WS/MP643/2024-2025/136000,1.0,1
WS/MP643/2024-2025/135999,WS/MP643/2024-2025/136001,1.0,1
WS/MP643/2024-2025/135999,WS/MP643/2024-2025/136002,1.0,1
WS/MP643/2024-2025/135999,WS/MP643/2024-2025/136003,1.0,1
WS/MP643/2024-2025/135999,WS/MP643/2024-2025/136004,1.0,1
WS/MP643/2024-2025/135999,WS/MP643/2024-2025/136005,1.0,1
WS/MP643/2024-2025/135999,WS/MP643/2024-2025/136006,1.0,1
WS/MP643/2024-2025/135999,WS/MP643/2024-2025/136007,1.0,1
WS/MP643/2024-2025/135999,WS/MP643/2024-2025/136008,1.0,1
WS/MP643/2024-2025/135999,WS/MP643/2024-2025/136009,1.0,1
WS/MP643/2024-2025/135999,WS/MP643/2024-2025/136010,1.0,1
WS/MP643/2024-2025/136000,WS/MP643/2024-2025/136001,1.0,1
WS/MP643/2024-2025/136000,WS/MP643/2024-2025/136002,1.0,1
WS/MP643/2024-2025/136000,WS/MP643/2024-2025/136003,1.0,1
WS/MP643/2024-2025/136000,WS/MP643/2024-2025/136004,1.0,1
WS/MP643/2024-2025/136000,WS/MP643/2024-2025/136005,1.0,1
WS/MP643/2024-2025/136000,WS/MP643/2024-2025/136006,1.0,1
WS/MP643/2024-2025/136000,WS/MP643/2024-2025/136007,1.0,1
WS/MP643/2024-2025/136000,WS/MP643/2024-2025/136008,1.0,1
WS/MP643/2024-2025/136000,WS/MP643/2024-2025/136009,1.0,1
WS/MP643/2024-2025/136000,WS/MP643/2024-2025/136010,1.0,1
WS/MP643/2024-2025/136001,WS/MP643/2024-2025/136002,1.0,1
WS/MP643/2024-2025/136001,WS/MP643/2024-2025/136003,1.0,1
WS/MP643/2024-2025/136001,WS/MP643/2024-2025/136004,1.0,1
WS/MP643/2024-2025/136001,WS/MP643/2024-2025/136005,1.0,1
WS/MP643/2024-2025/136001,WS/MP643/2024-2025/136006,1.0,1
WS/MP643/2024-2025/136001,WS/MP643/2024-2025/136007,1.0,1
WS/MP643/2024-2025/136001,WS/MP643/2024-2025/136008,1.0,1
WS/MP643/2024-2025/136001,WS/MP643/2024-2025/136009,1.0,1
WS/MP643/2024-2025/136001,WS/MP643/2024-2025/136010,1.0,1
WS/MP643/2024-2025/136002,WS/MP643/2024-2025/136003,1.0,1
WS/MP643/2024-2025/136002,WS/MP643/2024-2025/136004,1.0,1
WS/MP643/2024-2025/136002,WS/MP643/2024-2025/136005,1.0,1
WS/MP643/2024-2025/136002,WS/MP643/2024-2025/136006,1.0,1
WS/MP643/2024-2025/136002,WS/MP643/2024-2025/136007,1.0,1
WS/MP643/2024-2025/136002,WS/MP643/2024-2025/136008,1.0,1
WS/MP643/2024-2025/136002,WS/MP643/2024-2025/136009,1.0,1
WS/MP643/2024-2025/136002,WS/MP643/2024-2025/136010,1.0,1
WS/MP643/2024-2025/136003,WS/MP643/2024-2025/136004,1.0,1
WS/MP643/2024-2025/136003,WS/MP643/2024-2025/136005,1.0,1
WS/MP643/2024-2025/136003,WS/MP643/2024-2025/136006,1.0,1
WS/MP643/2024-2025/136003,WS/MP643/2024-2025/136007,1.0,1
WS/MP643/2024-2025/136003,WS/MP643/2024-2025/136008,1.0,1
WS/MP643/2024-2025/136003,WS/MP643/2024-2025/136009,1.0,1
WS/MP643/2024-2025/136003,WS/MP643/2024-2025/136010,1.0,1
WS/MP643/2024-2025/136004,WS/MP643/2024-2025/136005,1.0,1
WS/MP643/2024-2025/136004,WS/MP643/2024-2025/136006,1.0,1
WS/MP643/2024-2025/136004,WS/MP643/2024-2025/136007,1.0,1
WS/MP643/2024-2025/136004,WS/MP643/2024-2025/136008,1.0,1
WS/MP643/2024-2025/136004,WS/MP643/2024-2025/136009,1.0,1
WS/MP643/2024-2025/136004,WS/MP643/2024-2025/136010,1.0,1
WS/MP643/2024-2025/136005,WS/MP643/2024-2025/136006,1.0,1
WS/MP643/2024-2025/136005,WS/MP643/2024-2025/136007,1.0,1
WS/MP643/2024-2025/136005,WS/MP643/2024-2025/136008,1.0,1
WS/MP643/2024-2025/136005,WS/MP643/2024-2025/136009,1.0,1
WS/MP643/2024-2025/136005,WS/MP643/2024-2025/136010,1.0,1
WS/MP643/2024-2025/136006,WS/MP643/2024-2025/136007,1.0,1
WS/MP643/2024-2025/136006,WS/MP643/2024-2025/136008,1.0,1
WS/MP643/2024-2025/136006,WS/MP643/2024-2025/136009,1.0,1
WS/MP643/2024-2025/136006,WS/MP643/2024-2025/136010,1.0,1
WS/MP643/2024-2025/136007,WS/MP643/2024-2025/136008,1.0,1
WS/MP643/2024-2025/136007,WS/MP643/2024-2025/136009,1.0,1
WS/MP643/2024-2025/136007,WS/MP643/2024-2025/136010,1.0,1
WS/MP643/2024-2025/136008,WS/MP643/2024-2025/136009,1.0,1
WS/MP643/2024-2025/136008,WS/MP643/2024-2025/136010,1.0,1
WS/MP643/2024-2025/136009,WS/MP643/2024-2025/136010,1.0,1
WS/MP643/2024-2025/136017,WS/MP643/2024-2025/136018,1.0,1
WS/MP643/2024-2025/136017,WS/MP643/2024-2025/136019,1.0,1
WS/MP643/2024-2025/136017,WS/MP643/2024-2025/136020,1.0,1
WS/MP643/2024-2025/136017,WS/MP643/2024-2025/136021,1.0,1
WS/MP643/2024-2025/136017,WS/MP643/2024-2025/136022,1.0,1
WS/MP643/2024-2025/136017,WS/MP643/2024-2025/136023,1.0,1
WS/MP643/2024-2025/136017,WS/MP643/2024-2025/136024,1.0,1
WS/MP643/2024-2025/136017,WS/MP643/2024-2025/136025,1.0,1
WS/MP643/2024-2025/136017,WS/MP643/2024-2025/136026,1.0,1
WS/MP643/2024-2025/136017,WS/MP643/2024-2025/136027,1.0,1
WS/MP643/2024-2025/136017,WS/MP643/2024-2025/136028,1.0,1
WS/MP643/2024-2025/136017,WS/MP643/2024-2025/136029,1.0,1
WS/MP643/2024-2025/136017,WS/MP643/2024-2025/136030,1.0,1
WS/MP643/2024-2025/136017,WS/MP643/2024-2025/136031,1.0,1
WS/MP643/2024-2025/136017,WS/MP643/2024-2025/136032,1.0,1
WS/MP643/2024-2025/136018,WS/MP643/2024-2025/136019,1.0,1
WS/MP643/2024-2025/136018,WS/MP643/2024-2025/136020,1.0,1
WS/MP643/2024-2025/136018,WS/MP643/2024-2025/136021,1.0,1
WS/MP643/2024-2025/136018,WS/MP643/2024-2025/136022,1.0,1
WS/MP643/2024-2025/136018,WS/MP643/2024-2025/136023,1.0,1
WS/MP643/2024-2025/136018,WS/MP643/2024-2025/136024,1.0,1
WS/MP643/2024-2025/136018,WS/MP643/2024-2025/136025,1.0,1
WS/MP643/2024-2025/136018,WS/MP643/2024-2025/136026,1.0,1
WS/MP643/2024-2025/136018,WS/MP643/2024-2025/136027,1.0,1
WS/MP643/2024-2025/136018,WS/MP643/2024-2025/136028,1.0,1
WS/MP643/2024-2025/136018,WS/MP643/2024-2025/136029,1.0,1
WS/MP643/2024-2025/136018,WS/MP643/2024-2025/136030,1.0,1
WS/MP643/2024-2025/136018,WS/MP643/2024-2025/136031,1.0,1
WS/MP643/2024-2025/136018,WS/MP643/2024-2025/136032,1.0,1
WS/MP643/2024-2025/136019,WS/MP643/2024-2025/136020,1.0,1
WS/MP643/2024-2025/136019,WS/MP643/2024-2025/136021,1.0,1
WS/MP643/2024-2025/136019,WS/MP643/2024-2025/136022,1.0,1
WS/MP643/2024-2025/136019,WS/MP643/2024-2025/136023,1.0,1
WS/MP643/2024-2025/136019,WS/MP643/2024-2025/136024,1.0,1
WS/MP643/2024-2025/136019,WS/MP643/2024-2025/136025,1.0,1
WS/MP643/2024-2025/136019,WS/MP643/2024-2025/136026,1.0,1
WS/MP643/2024-2025/136019,WS/MP643/2024-2025/136027,1.0,1
WS/MP643/2024-2025/136019,WS/MP643/2024-2025/136028,1.0,1
WS/MP643/2024-2025/136019,WS/MP643/2024-2025/136029,1.0,1
WS/MP643/2024-2025/136019,WS/MP643/2024-2025/136030,1.0,1
WS/MP643/2024-2025/136019,WS/MP643/2024-2025/136031,1.0,1
WS/MP643/2024-2025/136019,WS/MP643/2024-2025/136032,1.0,1
WS/MP643/2024-2025/136020,WS/MP643/2024-2025/136021,1.0,1
WS/MP643/2024-2025/136020,WS/MP643/2024-2025/136022,1.0,1
WS/MP643/2024-2025/136020,WS/MP643/2024-2025/136023,1.0,1
WS/MP643/2024-2025/136020,WS/MP643/2024-2025/136024,1.0,1
WS/MP643/2024-2025/136020,WS/MP643/2024-2025/136025,1.0,1
WS/MP643/2024-2025/136020,WS/MP643/2024-2025/136026,1.0,1
WS/MP643/2024-2025/136020,WS/MP643/2024-2025/136027,1.0,1
WS/MP643/2024-2025/136020,WS/MP643/2024-2025/136028,1.0,1
WS/MP643/2024-2025/136020,WS/MP643/2024-2025/136029,1.0,1
WS/MP643/2024-2025/136020,WS/MP643/2024-2025/136030,1.0,1
WS/MP643/2024-2025/136020,WS/MP643/2024-2025/136031,1.0,1
WS/MP643/2024-2025/136020,WS/MP643/2024-2025/136032,1.0,1
WS/MP643/2024-2025/136021,WS/MP643/2024-2025/136022,1.0,1
WS/MP643/2024-2025/136021,WS/MP643/2024-2025/136023,1.0,1
WS/MP643/2024-2025/136021,WS/MP643/2024-2025/136024,1.0,1
WS/MP643/2024-2025/136021,WS/MP643/2024-2025/136025,1.0,1
WS/MP643/2024-2025/136021,WS/MP643/2024-2025/136026,1.0,1
WS/MP643/2024-2025/136021,WS/MP643/2024-2025/136027,1.0,1
WS/MP643/2024-2025/136021,WS/MP643/2024-2025/136028,1.0,1
WS/MP643/2024-2025/136021,WS/MP643/2024-2025/136029,1.0,1
WS/MP643/2024-2025/136021,WS/MP643/2024-2025/136030,1.0,1
WS/MP643/2024-2025/136021,WS/MP643/2024-2025/136031,1.0,1
WS/MP643/2024-2025/136021,WS/MP643/2024-2025/136032,1.0,1
WS/MP643/2024-2025/136022,WS/MP643/2024-2025/136023,1.0,1
WS/MP643/2024-2025/136022,WS/MP643/2024-2025/136024,1.0,1
WS/MP643/2024-2025/136022,WS/MP643/2024-2025/136025,1.0,1
WS/MP643/2024-2025/136022,WS/MP643/2024-2025/136026,1.0,1
WS/MP643/2024-2025/136022,WS/MP643/2024-2025/136027,1.0,1
WS/MP643/2024-2025/136022,WS/MP643/2024-2025/136028,1.0,1
WS/MP643/2024-2025/136022,WS/MP643/2024-2025/136029,1.0,1
WS/MP643/2024-2025/136022,WS/MP643/2024-2025/136030,1.0,1
WS/MP643/2024-2025/136022,WS/MP643/2024-2025/136031,1.0,1
WS/MP643/2024-2025/136022,WS/MP643/2024-2025/136032,1.0,1
WS/MP643/2024-2025/136023,WS/MP643/2024-2025/136024,1.0,1
WS/MP643/2024-2025/136023,WS/MP643/2024-2025/136025,1.0,1
WS/MP643/2024-2025/136023,WS/MP643/2024-2025/136026,1.0,1
WS/MP643/2024-2025/136023,WS/MP643/2024-2025/136027,1.0,1
WS/MP643/2024-2025/136023,WS/MP643/2024-2025/136028,1.0,1
WS/MP643/2024-2025/136023,WS/MP643/2024-2025/136029,1.0,1
WS/MP643/2024-2025/136023,WS/MP643/2024-2025/136030,1.0,1
WS/MP643/2024-2025/136023,WS/MP643/2024-2025/136031,1.0,1
WS/MP643/2024-2025/136023,WS/MP643/2024-2025/136032,1.0,1
WS/MP643/2024-2025/136024,WS/MP643/2024-2025/136025,1.0,1
WS/MP643/2024-2025/136024,WS/MP643/2024-2025/136026,1.0,1
WS/MP643/2024-2025/136024,WS/MP643/2024-2025/136027,1.0,1
WS/MP643/2024-2025/136024,WS/MP643/2024-2025/136028,1.0,1
WS/MP643/2024-2025/136024,WS/MP643/2024-2025/136029,1.0,1
WS/MP643/2024-2025/136024,WS/MP643/2024-2025/136030,1.0,1
WS/MP643/2024-2025/136024,WS/MP643/2024-2025/136031,1.0,1
WS/MP643/2024-2025/136024,WS/MP643/2024-2025/136032,1.0,1
WS/MP643/2024-2025/136025,WS/MP643/2024-2025/136026,1.0,1
WS/MP643/2024-2025/136025,WS/MP643/2024-2025/136027,1.0,1
WS/MP643/2024-2025/136025,WS/MP643/2024-2025/136028,1.0,1
WS/MP643/2024-2025/136025,WS/MP643/2024-2025/136029,1.0,1
WS/MP643/2024-2025/136025,WS/MP643/2024-2025/136030,1.0,1
WS/MP643/2024-2025/136025,WS/MP643/2024-2025/136031,1.0,1
WS/MP643/2024-2025/136025,WS/MP643/2024-2025/136032,1.0,1
WS/MP643/2024-2025/136026,WS/MP643/2024-2025/136027,1.0,1
WS/MP643/2024-2025/136026,WS/MP643/2024-2025/136028,1.0,1
WS/MP643/2024-2025/136026,WS/MP643/2024-2025/136029,1.0,1
WS/MP643/2024-2025/136026,WS/MP643/2024-2025/136030,1.0,1
WS/MP643/2024-2025/136026,WS/MP643/2024-2025/136031,1.0,1
WS/MP643/2024-2025/136026,WS/MP643/2024-2025/136032,1.0,1
WS/MP643/2024-2025/136027,WS/MP643/2024-2025/136028,1.0,1
WS/MP643/2024-2025/136027,WS/MP643/2024-2025/136029,1.0,1
WS/MP643/2024-2025/136027,WS/MP643/2024-2025/136030,1.0,1
WS/MP643/2024-2025/136027,WS/MP643/2024-2025/136031,1.0,1
WS/MP643/2024-2025/136027,WS/MP643/2024-2025/136032,1.0,1
WS/MP643/2024-2025/136028,WS/MP643/2024-2025/136029,1.0,1
WS/MP643/2024-2025/136028,WS/MP643/2024-2025/136030,1.0,1
WS/MP643/2024-2025/136028,WS/MP643/2024-2025/136031,1.0,1
WS/MP643/2024-2025/136028,WS/MP643/2024-2025/136032,1.0,1
WS/MP643/2024-2025/136029,WS/MP643/2024-2025/136030,1.0,1
WS/MP643/2024-2025/136029,WS/MP643/2024-2025/136031,1.0,1
WS/MP643/2024-2025/136029,WS/MP643/2024-2025/136032,1.0,1
WS/MP643/2024-2025/136030,WS/MP643/2024-2025/136031,1.0,1
WS/MP643/2024-2025/136030,WS/MP643/2024-2025/136032,1.0,1
WS/MP643/2024-2025/136031,WS/MP643/2024-2025/136032,1.0,1
WS/MP584/2024-2025/136561,WS/MP584/2024-2025/136562,0.921,1
WS/MP334/2024-2025/136582,WS/MP334/2024-2025/136591,0.9259,1
WS/MP334/2024-2025/136585,WS/MP334/2024-2025/136589,0.9051,1
WS/MP643/2024-2025/136985,WS/MP643/2024-2025/136986,1.0,1
WS/MP643/2024-2025/136985,WS/MP643/2024-2025/136987,1.0,1
WS/MP643/2024-2025/136985,WS/MP643/2024-2025/136988,1.0,1
WS/MP643/2024-2025/136986,WS/MP643/2024-2025/136987,1.0,1
WS/MP643/2024-2025/136986,WS/MP643/2024-2025/136988,1.0,1
WS/MP643/2024-2025/136987,WS/MP643/2024-2025/136988,1.0,1
WS/MP18045/2024-2025/136995,WS/MP18045/2024-2025/136997,1.0,1
WS/MP18045/2024-2025/136995,WS/MP18045/2024-2025/136998,1.0,1
WS/MP18045/2024-2025/136995,WS/MP18045/2024-2025/136999,1.0,1
WS/MP18045/2024-2025/136995,WS/MP18045/2024-2025/137000,1.0,1
WS/MP18045/2024-2025/136997,WS/MP18045/2024-2025/136998,1.0,1
WS/MP18045/2024-2025/136997,WS/MP18045/2024-2025/136999,1.0,1
WS/MP18045/2024-2025/136997,WS/MP18045/2024-2025/137000,1.0,1
WS/MP18045/2024-2025/136998,WS/MP18045/2024-2025/136999,1.0,1
WS/MP18045/2024-2025/136998,WS/MP18045/2024-2025/137000,1.0,1
WS/MP18045/2024-2025/136999,WS/MP18045/2024-2025/137000,1.0,1
WS/MP18007/2025-2026/137047,WS/MP18007/2025-2026/137048,1.0,1
WS/MP18007/2025-2026/137047,WS/MP18007/2025-2026/137049,1.0,1
WS/MP18007/2025-2026/137047,WS/MP18007/2025-2026/137050,1.0,1
WS/MP18007/2025-2026/137047,WS/MP18007/2025-2026/137051,1.0,1
WS/MP18007/2025-2026/137047,WS/MP18007/2025-2026/137052,1.0,1
WS/MP18007/2025-2026/137047,WS/MP18007/2025-2026/137053,1.0,1
WS/MP18007/2025-2026/137047,WS/MP18007/2025-2026/137054,1.0,1
WS/MP18007/2025-2026/137047,WS/MP18007/2025-2026/137055,1.0,1
WS/MP18007/2025-2026/137047,WS/MP18007/2025-2026/137056,1.0,1
WS/MP18007/2025-2026/137047,WS/MP18007/2025-2026/137057,1.0,1
WS/MP18007/2025-2026/137047,WS/MP18007/2025-2026/137058,1.0,1
WS/MP18007/2025-2026/137047,WS/MP18007/2025-2026/137059,1.0,1
WS/MP18007/2025-2026/137047,WS/MP18007/2025-2026/137060,1.0,1
WS/MP18007/2025-2026/137047,WS/MP18007/2025-2026/137061,1.0,1
WS/MP18007/2025-2026/137047,WS/MP18007/2025-2026/137062,1.0,1
WS/MP18007/2025-2026/137047,WS/MP18007/2025-2026/137063,1.0,1
WS/MP18007/2025-2026/137047,WS/MP18007/2025-2026/137064,1.0,1
WS/MP18007/2025-2026/137047,WS/MP18007/2025-2026/137065,1.0,1
WS/MP18007/2025-2026/137047,WS/MP18007/2025-2026/137066,1.0,1
WS/MP18007/2025-2026/137047,WS/MP18007/2025-2026/137067,1.0,1
WS/MP18007/2025-2026/137047,WS/MP18007/2025-2026/137068,1.0,1
WS/MP18007/2025-2026/137047,WS/MP18007/2025-2026/137069,1.0,1
WS/MP18007/2025-2026/137047,WS/MP18007/2025-2026/137070,1.0,1
WS/MP18007/2025-2026/137047,WS/MP18007/2025-2026/137071,1.0,1
WS/MP18007/2025-2026/137047,WS/MP18007/2025-2026/137072,1.0,1
WS/MP18007/2025-2026/137047,WS/MP18007/2025-2026/137073,1.0,1
WS/MP18007/2025-2026/137047,WS/MP18007/2025-2026/137074,1.0,1
WS/MP18007/2025-2026/137047,WS/MP18007/2025-2026/137075,1.0,1
WS/MP18007/2025-2026/137047,WS/MP18007/2025-2026/137076,1.0,1
WS/MP18007/2025-2026/137047,WS/MP18007/2025-2026/137077,1.0,1
WS/MP18007/2025-2026/137047,WS/MP18007/2025-2026/137078,1.0,1
WS/MP18007/2025-2026/137047,WS/MP18007/2025-2026/137079,1.0,1
WS/MP18007/2025-2026/137047,WS/MP18007/2025-2026/137080,1.0,1
WS/MP18007/2025-2026/137047,WS/MP18007/2025-2026/137081,1.0,1
WS/MP18007/2025-2026/137047,WS/MP18007/2025-2026/137082,1.0,1
WS/MP18007/2025-2026/137047,WS/MP18007/2025-2026/137083,1.0,1
WS/MP18007/2025-2026/137047,WS/MP18007/2025-2026/137084,1.0,1
WS/MP18007/2025-2026/137047,WS/MP18007/2025-2026/137085,1.0,1
WS/MP18007/2025-2026/137047,WS/MP18007/2025-2026/137086,1.0,1
WS/MP18007/2025-2026/137047,WS/MP18007/2025-2026/137087,1.0,1
WS/MP18007/2025-2026/137047,WS/MP18007/2025-2026/137088,1.0,1
WS/MP18007/2025-2026/137047,WS/MP18007/2025-2026/137089,1.0,1
WS/MP18007/2025-2026/137047,WS/MP18007/2025-2026/137090,1.0,1
WS/MP18007/2025-2026/137047,WS/MP18007/2025-2026/137091,1.0,1
WS/MP18007/2025-2026/137047,WS/MP18007/2025-2026/137092,1.0,1
WS/MP18007/2025-2026/137047,WS/MP18007/2025-2026/137093,1.0,1
WS/MP18007/2025-2026/137047,WS/MP18007/2025-2026/137094,1.0,1
WS/MP18007/2025-2026/137047,WS/MP18007/2025-2026/137095,1.0,1
WS/MP18007/2025-2026/137048,WS/MP18007/2025-2026/137049,1.0,1
WS/MP18007/2025-2026/137048,WS/MP18007/2025-2026/137050,1.0,1
WS/MP18007/2025-2026/137048,WS/MP18007/2025-2026/137051,1.0,1
WS/MP18007/2025-2026/137048,WS/MP18007/2025-2026/137052,1.0,1
WS/MP18007/2025-2026/137048,WS/MP18007/2025-2026/137053,1.0,1
WS/MP18007/2025-2026/137048,WS/MP18007/2025-2026/137054,1.0,1
WS/MP18007/2025-2026/137048,WS/MP18007/2025-2026/137055,1.0,1
WS/MP18007/2025-2026/137048,WS/MP18007/2025-2026/137056,1.0,1
WS/MP18007/2025-2026/137048,WS/MP18007/2025-2026/137057,1.0,1
WS/MP18007/2025-2026/137048,WS/MP18007/2025-2026/137058,1.0,1
WS/MP18007/2025-2026/137048,WS/MP18007/2025-2026/137059,1.0,1
WS/MP18007/2025-2026/137048,WS/MP18007/2025-2026/137060,1.0,1
WS/MP18007/2025-2026/137048,WS/MP18007/2025-2026/137061,1.0,1
WS/MP18007/2025-2026/137048,WS/MP18007/2025-2026/137062,1.0,1
WS/MP18007/2025-2026/137048,WS/MP18007/2025-2026/137063,1.0,1
WS/MP18007/2025-2026/137048,WS/MP18007/2025-2026/137064,1.0,1
WS/MP18007/2025-2026/137048,WS/MP18007/2025-2026/137065,1.0,1
WS/MP18007/2025-2026/137048,WS/MP18007/2025-2026/137066,1.0,1
WS/MP18007/2025-2026/137048,WS/MP18007/2025-2026/137067,1.0,1
WS/MP18007/2025-2026/137048,WS/MP18007/2025-2026/137068,1.0,1
WS/MP18007/2025-2026/137048,WS/MP18007/2025-2026/137069,1.0,1
WS/MP18007/2025-2026/137048,WS/MP18007/2025-2026/137070,1.0,1
WS/MP18007/2025-2026/137048,WS/MP18007/2025-2026/137071,1.0,1
WS/MP18007/2025-2026/137048,WS/MP18007/2025-2026/137072,1.0,1
WS/MP18007/2025-2026/137048,WS/MP18007/2025-2026/137073,1.0,1
WS/MP18007/2025-2026/137048,WS/MP18007/2025-2026/137074,1.0,1
WS/MP18007/2025-2026/137048,WS/MP18007/2025-2026/137075,1.0,1
WS/MP18007/2025-2026/137048,WS/MP18007/2025-2026/137076,1.0,1
WS/MP18007/2025-2026/137048,WS/MP18007/2025-2026/137077,1.0,1
WS/MP18007/2025-2026/137048,WS/MP18007/2025-2026/137078,1.0,1
WS/MP18007/2025-2026/137048,WS/MP18007/2025-2026/137079,1.0,1
WS/MP18007/2025-2026/137048,WS/MP18007/2025-2026/137080,1.0,1
WS/MP18007/2025-2026/137048,WS/MP18007/2025-2026/137081,1.0,1
WS/MP18007/2025-2026/137048,WS/MP18007/2025-2026/137082,1.0,1
WS/MP18007/2025-2026/137048,WS/MP18007/2025-2026/137083,1.0,1
WS/MP18007/2025-2026/137048,WS/MP18007/2025-2026/137084,1.0,1
WS/MP18007/2025-2026/137048,WS/MP18007/2025-2026/137085,1.0,1
WS/MP18007/2025-2026/137048,WS/MP18007/2025-2026/137086,1.0,1
WS/MP18007/2025-2026/137048,WS/MP18007/2025-2026/137087,1.0,1
WS/MP18007/2025-2026/137048,WS/MP18007/2025-2026/137088,1.0,1
WS/MP18007/2025-2026/137048,WS/MP18007/2025-2026/137089,1.0,1
WS/MP18007/2025-2026/137048,WS/MP18007/2025-2026/137090,1.0,1
WS/MP18007/2025-2026/137048,WS/MP18007/2025-2026/137091,1.0,1
WS/MP18007/2025-2026/137048,WS/MP18007/2025-2026/137092,1.0,1
WS/MP18007/2025-2026/137048,WS/MP18007/2025-2026/137093,1.0,1
WS/MP18007/2025-2026/137048,WS/MP18007/2025-2026/137094,1.0,1
WS/MP18007/2025-2026/137048,WS/MP18007/2025-2026/137095,1.0,1
WS/MP18007/2025-2026/137049,WS/MP18007/2025-2026/137050,1.0,1
WS/MP18007/2025-2026/137049,WS/MP18007/2025-2026/137051,1.0,1
WS/MP18007/2025-2026/137049,WS/MP18007/2025-2026/137052,1.0,1
WS/MP18007/2025-2026/137049,WS/MP18007/2025-2026/137053,1.0,1
WS/MP18007/2025-2026/137049,WS/MP18007/2025-2026/137054,1.0,1
WS/MP18007/2025-2026/137049,WS/MP18007/2025-2026/137055,1.0,1
WS/MP18007/2025-2026/137049,WS/MP18007/2025-2026/137056,1.0,1
WS/MP18007/2025-2026/137049,WS/MP18007/2025-2026/137057,1.0,1
WS/MP18007/2025-2026/137049,WS/MP18007/2025-2026/137058,1.0,1
WS/MP18007/2025-2026/137049,WS/MP18007/2025-2026/137059,1.0,1
WS/MP18007/2025-2026/137049,WS/MP18007/2025-2026/137060,1.0,1
WS/MP18007/2025-2026/137049,WS/MP18007/2025-2026/137061,1.0,1
WS/MP18007/2025-2026/137049,WS/MP18007/2025-2026/137062,1.0,1
WS/MP18007/2025-2026/137049,WS/MP18007/2025-2026/137063,1.0,1
WS/MP18007/2025-2026/137049,WS/MP18007/2025-2026/137064,1.0,1
WS/MP18007/2025-2026/137049,WS/MP18007/2025-2026/137065,1.0,1
WS/MP18007/2025-2026/137049,WS/MP18007/2025-2026/137066,1.0,1
WS/MP18007/2025-2026/137049,WS/MP18007/2025-2026/137067,1.0,1
WS/MP18007/2025-2026/137049,WS/MP18007/2025-2026/137068,1.0,1
WS/MP18007/2025-2026/137049,WS/MP18007/2025-2026/137069,1.0,1
WS/MP18007/2025-2026/137049,WS/MP18007/2025-2026/137070,1.0,1
WS/MP18007/2025-2026/137049,WS/MP18007/2025-2026/137071,1.0,1
WS/MP18007/2025-2026/137049,WS/MP18007/2025-2026/137072,1.0,1
WS/MP18007/2025-2026/137049,WS/MP18007/2025-2026/137073,1.0,1
WS/MP18007/2025-2026/137049,WS/MP18007/2025-2026/137074,1.0,1
WS/MP18007/2025-2026/137049,WS/MP18007/2025-2026/137075,1.0,1
WS/MP18007/2025-2026/137049,WS/MP18007/2025-2026/137076,1.0,1
WS/MP18007/2025-2026/137049,WS/MP18007/2025-2026/137077,1.0,1
WS/MP18007/2025-2026/137049,WS/MP18007/2025-2026/137078,1.0,1
WS/MP18007/2025-2026/137049,WS/MP18007/2025-2026/137079,1.0,1
WS/MP18007/2025-2026/137049,WS/MP18007/2025-2026/137080,1.0,1
WS/MP18007/2025-2026/137049,WS/MP18007/2025-2026/137081,1.0,1
WS/MP18007/2025-2026/137049,WS/MP18007/2025-2026/137082,1.0,1
WS/MP18007/2025-2026/137049,WS/MP18007/2025-2026/137083,1.0,1
WS/MP18007/2025-2026/137049,WS/MP18007/2025-2026/137084,1.0,1
WS/MP18007/2025-2026/137049,WS/MP18007/2025-2026/137085,1.0,1
WS/MP18007/2025-2026/137049,WS/MP18007/2025-2026/137086,1.0,1
WS/MP18007/2025-2026/137049,WS/MP18007/2025-2026/137087,1.0,1
WS/MP18007/2025-2026/137049,WS/MP18007/2025-2026/137088,1.0,1
WS/MP18007/2025-2026/137049,WS/MP18007/2025-2026/137089,1.0,1
WS/MP18007/2025-2026/137049,WS/MP18007/2025-2026/137090,1.0,1
WS/MP18007/2025-2026/137049,WS/MP18007/2025-2026/137091,1.0,1
WS/MP18007/2025-2026/137049,WS/MP18007/2025-2026/137092,1.0,1
WS/MP18007/2025-2026/137049,WS/MP18007/2025-2026/137093,1.0,1
WS/MP18007/2025-2026/137049,WS/MP18007/2025-2026/137094,1.0,1
WS/MP18007/2025-2026/137049,WS/MP18007/2025-2026/137095,1.0,1
WS/MP18007/2025-2026/137050,WS/MP18007/2025-2026/137051,1.0,1
WS/MP18007/2025-2026/137050,WS/MP18007/2025-2026/137052,1.0,1
WS/MP18007/2025-2026/137050,WS/MP18007/2025-2026/137053,1.0,1
WS/MP18007/2025-2026/137050,WS/MP18007/2025-2026/137054,1.0,1
WS/MP18007/2025-2026/137050,WS/MP18007/2025-2026/137055,1.0,1
WS/MP18007/2025-2026/137050,WS/MP18007/2025-2026/137056,1.0,1
WS/MP18007/2025-2026/137050,WS/MP18007/2025-2026/137057,1.0,1
WS/MP18007/2025-2026/137050,WS/MP18007/2025-2026/137058,1.0,1
WS/MP18007/2025-2026/137050,WS/MP18007/2025-2026/137059,1.0,1
WS/MP18007/2025-2026/137050,WS/MP18007/2025-2026/137060,1.0,1
WS/MP18007/2025-2026/137050,WS/MP18007/2025-2026/137061,1.0,1
WS/MP18007/2025-2026/137050,WS/MP18007/2025-2026/137062,1.0,1
WS/MP18007/2025-2026/137050,WS/MP18007/2025-2026/137063,1.0,1
WS/MP18007/2025-2026/137050,WS/MP18007/2025-2026/137064,1.0,1
WS/MP18007/2025-2026/137050,WS/MP18007/2025-2026/137065,1.0,1
WS/MP18007/2025-2026/137050,WS/MP18007/2025-2026/137066,1.0,1
WS/MP18007/2025-2026/137050,WS/MP18007/2025-2026/137067,1.0,1
WS/MP18007/2025-2026/137050,WS/MP18007/2025-2026/137068,1.0,1
WS/MP18007/2025-2026/137050,WS/MP18007/2025-2026/137069,1.0,1
WS/MP18007/2025-2026/137050,WS/MP18007/2025-2026/137070,1.0,1
WS/MP18007/2025-2026/137050,WS/MP18007/2025-2026/137071,1.0,1
WS/MP18007/2025-2026/137050,WS/MP18007/2025-2026/137072,1.0,1
WS/MP18007/2025-2026/137050,WS/MP18007/2025-2026/137073,1.0,1
WS/MP18007/2025-2026/137050,WS/MP18007/2025-2026/137074,1.0,1
WS/MP18007/2025-2026/137050,WS/MP18007/2025-2026/137075,1.0,1
WS/MP18007/2025-2026/137050,WS/MP18007/2025-2026/137076,1.0,1
WS/MP18007/2025-2026/137050,WS/MP18007/2025-2026/137077,1.0,1
WS/MP18007/2025-2026/137050,WS/MP18007/2025-2026/137078,1.0,1
WS/MP18007/2025-2026/137050,WS/MP18007/2025-2026/137079,1.0,1
WS/MP18007/2025-2026/137050,WS/MP18007/2025-2026/137080,1.0,1
WS/MP18007/2025-2026/137050,WS/MP18007/2025-2026/137081,1.0,1
WS/MP18007/2025-2026/137050,WS/MP18007/2025-2026/137082,1.0,1
WS/MP18007/2025-2026/137050,WS/MP18007/2025-2026/137083,1.0,1
WS/MP18007/2025-2026/137050,WS/MP18007/2025-2026/137084,1.0,1
WS/MP18007/2025-2026/137050,WS/MP18007/2025-2026/137085,1.0,1
WS/MP18007/2025-2026/137050,WS/MP18007/2025-2026/137086,1.0,1
WS/MP18007/2025-2026/137050,WS/MP18007/2025-2026/137087,1.0,1
WS/MP18007/2025-2026/137050,WS/MP18007/2025-2026/137088,1.0,1
WS/MP18007/2025-2026/137050,WS/MP18007/2025-2026/137089,1.0,1
WS/MP18007/2025-2026/137050,WS/MP18007/2025-2026/137090,1.0,1
WS/MP18007/2025-2026/137050,WS/MP18007/2025-2026/137091,1.0,1
WS/MP18007/2025-2026/137050,WS/MP18007/2025-2026/137092,1.0,1
WS/MP18007/2025-2026/137050,WS/MP18007/2025-2026/137093,1.0,1
WS/MP18007/2025-2026/137050,WS/MP18007/2025-2026/137094,1.0,1
WS/MP18007/2025-2026/137050,WS/MP18007/2025-2026/137095,1.0,1
WS/MP18007/2025-2026/137051,WS/MP18007/2025-2026/137052,1.0,1
WS/MP18007/2025-2026/137051,WS/MP18007/2025-2026/137053,1.0,1
WS/MP18007/2025-2026/137051,WS/MP18007/2025-2026/137054,1.0,1
WS/MP18007/2025-2026/137051,WS/MP18007/2025-2026/137055,1.0,1
WS/MP18007/2025-2026/137051,WS/MP18007/2025-2026/137056,1.0,1
WS/MP18007/2025-2026/137051,WS/MP18007/2025-2026/137057,1.0,1
WS/MP18007/2025-2026/137051,WS/MP18007/2025-2026/137058,1.0,1
WS/MP18007/2025-2026/137051,WS/MP18007/2025-2026/137059,1.0,1
WS/MP18007/2025-2026/137051,WS/MP18007/2025-2026/137060,1.0,1
WS/MP18007/2025-2026/137051,WS/MP18007/2025-2026/137061,1.0,1
WS/MP18007/2025-2026/137051,WS/MP18007/2025-2026/137062,1.0,1
WS/MP18007/2025-2026/137051,WS/MP18007/2025-2026/137063,1.0,1
WS/MP18007/2025-2026/137051,WS/MP18007/2025-2026/137064,1.0,1
WS/MP18007/2025-2026/137051,WS/MP18007/2025-2026/137065,1.0,1
WS/MP18007/2025-2026/137051,WS/MP18007/2025-2026/137066,1.0,1
WS/MP18007/2025-2026/137051,WS/MP18007/2025-2026/137067,1.0,1
WS/MP18007/2025-2026/137051,WS/MP18007/2025-2026/137068,1.0,1
WS/MP18007/2025-2026/137051,WS/MP18007/2025-2026/137069,1.0,1
WS/MP18007/2025-2026/137051,WS/MP18007/2025-2026/137070,1.0,1
WS/MP18007/2025-2026/137051,WS/MP18007/2025-2026/137071,1.0,1
WS/MP18007/2025-2026/137051,WS/MP18007/2025-2026/137072,1.0,1
WS/MP18007/2025-2026/137051,WS/MP18007/2025-2026/137073,1.0,1
WS/MP18007/2025-2026/137051,WS/MP18007/2025-2026/137074,1.0,1
WS/MP18007/2025-2026/137051,WS/MP18007/2025-2026/137075,1.0,1
WS/MP18007/2025-2026/137051,WS/MP18007/2025-2026/137076,1.0,1
WS/MP18007/2025-2026/137051,WS/MP18007/2025-2026/137077,1.0,1
WS/MP18007/2025-2026/137051,WS/MP18007/2025-2026/137078,1.0,1
WS/MP18007/2025-2026/137051,WS/MP18007/2025-2026/137079,1.0,1
WS/MP18007/2025-2026/137051,WS/MP18007/2025-2026/137080,1.0,1
WS/MP18007/2025-2026/137051,WS/MP18007/2025-2026/137081,1.0,1
WS/MP18007/2025-2026/137051,WS/MP18007/2025-2026/137082,1.0,1
WS/MP18007/2025-2026/137051,WS/MP18007/2025-2026/137083,1.0,1
WS/MP18007/2025-2026/137051,WS/MP18007/2025-2026/137084,1.0,1
WS/MP18007/2025-2026/137051,WS/MP18007/2025-2026/137085,1.0,1
WS/MP18007/2025-2026/137051,WS/MP18007/2025-2026/137086,1.0,1
WS/MP18007/2025-2026/137051,WS/MP18007/2025-2026/137087,1.0,1
WS/MP18007/2025-2026/137051,WS/MP18007/2025-2026/137088,1.0,1
WS/MP18007/2025-2026/137051,WS/MP18007/2025-2026/137089,1.0,1
WS/MP18007/2025-2026/137051,WS/MP18007/2025-2026/137090,1.0,1
WS/MP18007/2025-2026/137051,WS/MP18007/2025-2026/137091,1.0,1
WS/MP18007/2025-2026/137051,WS/MP18007/2025-2026/137092,1.0,1
WS/MP18007/2025-2026/137051,WS/MP18007/2025-2026/137093,1.0,1
WS/MP18007/2025-2026/137051,WS/MP18007/2025-2026/137094,1.0,1
WS/MP18007/2025-2026/137051,WS/MP18007/2025-2026/137095,1.0,1
WS/MP18007/2025-2026/137052,WS/MP18007/2025-2026/137053,1.0,1
WS/MP18007/2025-2026/137052,WS/MP18007/2025-2026/137054,1.0,1
WS/MP18007/2025-2026/137052,WS/MP18007/2025-2026/137055,1.0,1
WS/MP18007/2025-2026/137052,WS/MP18007/2025-2026/137056,1.0,1
WS/MP18007/2025-2026/137052,WS/MP18007/2025-2026/137057,1.0,1
WS/MP18007/2025-2026/137052,WS/MP18007/2025-2026/137058,1.0,1
WS/MP18007/2025-2026/137052,WS/MP18007/2025-2026/137059,1.0,1
WS/MP18007/2025-2026/137052,WS/MP18007/2025-2026/137060,1.0,1
WS/MP18007/2025-2026/137052,WS/MP18007/2025-2026/137061,1.0,1
WS/MP18007/2025-2026/137052,WS/MP18007/2025-2026/137062,1.0,1
WS/MP18007/2025-2026/137052,WS/MP18007/2025-2026/137063,1.0,1
WS/MP18007/2025-2026/137052,WS/MP18007/2025-2026/137064,1.0,1
WS/MP18007/2025-2026/137052,WS/MP18007/2025-2026/137065,1.0,1
WS/MP18007/2025-2026/137052,WS/MP18007/2025-2026/137066,1.0,1
WS/MP18007/2025-2026/137052,WS/MP18007/2025-2026/137067,1.0,1
WS/MP18007/2025-2026/137052,WS/MP18007/2025-2026/137068,1.0,1
WS/MP18007/2025-2026/137052,WS/MP18007/2025-2026/137069,1.0,1
WS/MP18007/2025-2026/137052,WS/MP18007/2025-2026/137070,1.0,1
WS/MP18007/2025-2026/137052,WS/MP18007/2025-2026/137071,1.0,1
WS/MP18007/2025-2026/137052,WS/MP18007/2025-2026/137072,1.0,1
WS/MP18007/2025-2026/137052,WS/MP18007/2025-2026/137073,1.0,1
WS/MP18007/2025-2026/137052,WS/MP18007/2025-2026/137074,1.0,1
WS/MP18007/2025-2026/137052,WS/MP18007/2025-2026/137075,1.0,1
WS/MP18007/2025-2026/137052,WS/MP18007/2025-2026/137076,1.0,1
WS/MP18007/2025-2026/137052,WS/MP18007/2025-2026/137077,1.0,1
WS/MP18007/2025-2026/137052,WS/MP18007/2025-2026/137078,1.0,1
WS/MP18007/2025-2026/137052,WS/MP18007/2025-2026/137079,1.0,1
WS/MP18007/2025-2026/137052,WS/MP18007/2025-2026/137080,1.0,1
WS/MP18007/2025-2026/137052,WS/MP18007/2025-2026/137081,1.0,1
WS/MP18007/2025-2026/137052,WS/MP18007/2025-2026/137082,1.0,1
WS/MP18007/2025-2026/137052,WS/MP18007/2025-2026/137083,1.0,1
WS/MP18007/2025-2026/137052,WS/MP18007/2025-2026/137084,1.0,1
WS/MP18007/2025-2026/137052,WS/MP18007/2025-2026/137085,1.0,1
WS/MP18007/2025-2026/137052,WS/MP18007/2025-2026/137086,1.0,1
WS/MP18007/2025-2026/137052,WS/MP18007/2025-2026/137087,1.0,1
WS/MP18007/2025-2026/137052,WS/MP18007/2025-2026/137088,1.0,1
WS/MP18007/2025-2026/137052,WS/MP18007/2025-2026/137089,1.0,1
WS/MP18007/2025-2026/137052,WS/MP18007/2025-2026/137090,1.0,1
WS/MP18007/2025-2026/137052,WS/MP18007/2025-2026/137091,1.0,1
WS/MP18007/2025-2026/137052,WS/MP18007/2025-2026/137092,1.0,1
WS/MP18007/2025-2026/137052,WS/MP18007/2025-2026/137093,1.0,1
WS/MP18007/2025-2026/137052,WS/MP18007/2025-2026/137094,1.0,1
WS/MP18007/2025-2026/137052,WS/MP18007/2025-2026/137095,1.0,1
WS/MP18007/2025-2026/137053,WS/MP18007/2025-2026/137054,1.0,1
WS/MP18007/2025-2026/137053,WS/MP18007/2025-2026/137055,1.0,1
WS/MP18007/2025-2026/137053,WS/MP18007/2025-2026/137056,1.0,1
WS/MP18007/2025-2026/137053,WS/MP18007/2025-2026/137057,1.0,1
WS/MP18007/2025-2026/137053,WS/MP18007/2025-2026/137058,1.0,1
WS/MP18007/2025-2026/137053,WS/MP18007/2025-2026/137059,1.0,1
WS/MP18007/2025-2026/137053,WS/MP18007/2025-2026/137060,1.0,1
WS/MP18007/2025-2026/137053,WS/MP18007/2025-2026/137061,1.0,1
WS/MP18007/2025-2026/137053,WS/MP18007/2025-2026/137062,1.0,1
WS/MP18007/2025-2026/137053,WS/MP18007/2025-2026/137063,1.0,1
WS/MP18007/2025-2026/137053,WS/MP18007/2025-2026/137064,1.0,1
WS/MP18007/2025-2026/137053,WS/MP18007/2025-2026/137065,1.0,1
WS/MP18007/2025-2026/137053,WS/MP18007/2025-2026/137066,1.0,1
WS/MP18007/2025-2026/137053,WS/MP18007/2025-2026/137067,1.0,1
WS/MP18007/2025-2026/137053,WS/MP18007/2025-2026/137068,1.0,1
WS/MP18007/2025-2026/137053,WS/MP18007/2025-2026/137069,1.0,1
WS/MP18007/2025-2026/137053,WS/MP18007/2025-2026/137070,1.0,1
WS/MP18007/2025-2026/137053,WS/MP18007/2025-2026/137071,1.0,1
WS/MP18007/2025-2026/137053,WS/MP18007/2025-2026/137072,1.0,1
WS/MP18007/2025-2026/137053,WS/MP18007/2025-2026/137073,1.0,1
WS/MP18007/2025-2026/137053,WS/MP18007/2025-2026/137074,1.0,1
WS/MP18007/2025-2026/137053,WS/MP18007/2025-2026/137075,1.0,1
WS/MP18007/2025-2026/137053,WS/MP18007/2025-2026/137076,1.0,1
WS/MP18007/2025-2026/137053,WS/MP18007/2025-2026/137077,1.0,1
WS/MP18007/2025-2026/137053,WS/MP18007/2025-2026/137078,1.0,1
WS/MP18007/2025-2026/137053,WS/MP18007/2025-2026/137079,1.0,1
WS/MP18007/2025-2026/137053,WS/MP18007/2025-2026/137080,1.0,1
WS/MP18007/2025-2026/137053,WS/MP18007/2025-2026/137081,1.0,1
WS/MP18007/2025-2026/137053,WS/MP18007/2025-2026/137082,1.0,1
WS/MP18007/2025-2026/137053,WS/MP18007/2025-2026/137083,1.0,1
WS/MP18007/2025-2026/137053,WS/MP18007/2025-2026/137084,1.0,1
WS/MP18007/2025-2026/137053,WS/MP18007/2025-2026/137085,1.0,1
WS/MP18007/2025-2026/137053,WS/MP18007/2025-2026/137086,1.0,1
WS/MP18007/2025-2026/137053,WS/MP18007/2025-2026/137087,1.0,1
WS/MP18007/2025-2026/137053,WS/MP18007/2025-2026/137088,1.0,1
WS/MP18007/2025-2026/137053,WS/MP18007/2025-2026/137089,1.0,1
WS/MP18007/2025-2026/137053,WS/MP18007/2025-2026/137090,1.0,1
WS/MP18007/2025-2026/137053,WS/MP18007/2025-2026/137091,1.0,1
WS/MP18007/2025-2026/137053,WS/MP18007/2025-2026/137092,1.0,1
WS/MP18007/2025-2026/137053,WS/MP18007/2025-2026/137093,1.0,1
WS/MP18007/2025-2026/137053,WS/MP18007/2025-2026/137094,1.0,1
WS/MP18007/2025-2026/137053,WS/MP18007/2025-2026/137095,1.0,1
WS/MP18007/2025-2026/137054,WS/MP18007/2025-2026/137055,1.0,1
WS/MP18007/2025-2026/137054,WS/MP18007/2025-2026/137056,1.0,1
WS/MP18007/2025-2026/137054,WS/MP18007/2025-2026/137057,1.0,1
WS/MP18007/2025-2026/137054,WS/MP18007/2025-2026/137058,1.0,1
WS/MP18007/2025-2026/137054,WS/MP18007/2025-2026/137059,1.0,1
WS/MP18007/2025-2026/137054,WS/MP18007/2025-2026/137060,1.0,1
WS/MP18007/2025-2026/137054,WS/MP18007/2025-2026/137061,1.0,1
WS/MP18007/2025-2026/137054,WS/MP18007/2025-2026/137062,1.0,1
WS/MP18007/2025-2026/137054,WS/MP18007/2025-2026/137063,1.0,1
WS/MP18007/2025-2026/137054,WS/MP18007/2025-2026/137064,1.0,1
WS/MP18007/2025-2026/137054,WS/MP18007/2025-2026/137065,1.0,1
WS/MP18007/2025-2026/137054,WS/MP18007/2025-2026/137066,1.0,1
WS/MP18007/2025-2026/137054,WS/MP18007/2025-2026/137067,1.0,1
WS/MP18007/2025-2026/137054,WS/MP18007/2025-2026/137068,1.0,1
WS/MP18007/2025-2026/137054,WS/MP18007/2025-2026/137069,1.0,1
WS/MP18007/2025-2026/137054,WS/MP18007/2025-2026/137070,1.0,1
WS/MP18007/2025-2026/137054,WS/MP18007/2025-2026/137071,1.0,1
WS/MP18007/2025-2026/137054,WS/MP18007/2025-2026/137072,1.0,1
WS/MP18007/2025-2026/137054,WS/MP18007/2025-2026/137073,1.0,1
WS/MP18007/2025-2026/137054,WS/MP18007/2025-2026/137074,1.0,1
WS/MP18007/2025-2026/137054,WS/MP18007/2025-2026/137075,1.0,1
WS/MP18007/2025-2026/137054,WS/MP18007/2025-2026/137076,1.0,1
WS/MP18007/2025-2026/137054,WS/MP18007/2025-2026/137077,1.0,1
WS/MP18007/2025-2026/137054,WS/MP18007/2025-2026/137078,1.0,1
WS/MP18007/2025-2026/137054,WS/MP18007/2025-2026/137079,1.0,1
WS/MP18007/2025-2026/137054,WS/MP18007/2025-2026/137080,1.0,1
WS/MP18007/2025-2026/137054,WS/MP18007/2025-2026/137081,1.0,1
WS/MP18007/2025-2026/137054,WS/MP18007/2025-2026/137082,1.0,1
WS/MP18007/2025-2026/137054,WS/MP18007/2025-2026/137083,1.0,1
WS/MP18007/2025-2026/137054,WS/MP18007/2025-2026/137084,1.0,1
WS/MP18007/2025-2026/137054,WS/MP18007/2025-2026/137085,1.0,1
WS/MP18007/2025-2026/137054,WS/MP18007/2025-2026/137086,1.0,1
WS/MP18007/2025-2026/137054,WS/MP18007/2025-2026/137087,1.0,1
WS/MP18007/2025-2026/137054,WS/MP18007/2025-2026/137088,1.0,1
WS/MP18007/2025-2026/137054,WS/MP18007/2025-2026/137089,1.0,1
WS/MP18007/2025-2026/137054,WS/MP18007/2025-2026/137090,1.0,1
WS/MP18007/2025-2026/137054,WS/MP18007/2025-2026/137091,1.0,1
WS/MP18007/2025-2026/137054,WS/MP18007/2025-2026/137092,1.0,1
WS/MP18007/2025-2026/137054,WS/MP18007/2025-2026/137093,1.0,1
WS/MP18007/2025-2026/137054,WS/MP18007/2025-2026/137094,1.0,1
WS/MP18007/2025-2026/137054,WS/MP18007/2025-2026/137095,1.0,1
WS/MP18007/2025-2026/137055,WS/MP18007/2025-2026/137056,1.0,1
WS/MP18007/2025-2026/137055,WS/MP18007/2025-2026/137057,1.0,1
WS/MP18007/2025-2026/137055,WS/MP18007/2025-2026/137058,1.0,1
WS/MP18007/2025-2026/137055,WS/MP18007/2025-2026/137059,1.0,1
WS/MP18007/2025-2026/137055,WS/MP18007/2025-2026/137060,1.0,1
WS/MP18007/2025-2026/137055,WS/MP18007/2025-2026/137061,1.0,1
WS/MP18007/2025-2026/137055,WS/MP18007/2025-2026/137062,1.0,1
WS/MP18007/2025-2026/137055,WS/MP18007/2025-2026/137063,1.0,1
WS/MP18007/2025-2026/137055,WS/MP18007/2025-2026/137064,1.0,1
WS/MP18007/2025-2026/137055,WS/MP18007/2025-2026/137065,1.0,1
WS/MP18007/2025-2026/137055,WS/MP18007/2025-2026/137066,1.0,1
WS/MP18007/2025-2026/137055,WS/MP18007/2025-2026/137067,1.0,1
WS/MP18007/2025-2026/137055,WS/MP18007/2025-2026/137068,1.0,1
WS/MP18007/2025-2026/137055,WS/MP18007/2025-2026/137069,1.0,1
WS/MP18007/2025-2026/137055,WS/MP18007/2025-2026/137070,1.0,1
WS/MP18007/2025-2026/137055,WS/MP18007/2025-2026/137071,1.0,1
WS/MP18007/2025-2026/137055,WS/MP18007/2025-2026/137072,1.0,1
WS/MP18007/2025-2026/137055,WS/MP18007/2025-2026/137073,1.0,1
WS/MP18007/2025-2026/137055,WS/MP18007/2025-2026/137074,1.0,1
WS/MP18007/2025-2026/137055,WS/MP18007/2025-2026/137075,1.0,1
WS/MP18007/2025-2026/137055,WS/MP18007/2025-2026/137076,1.0,1
WS/MP18007/2025-2026/137055,WS/MP18007/2025-2026/137077,1.0,1
WS/MP18007/2025-2026/137055,WS/MP18007/2025-2026/137078,1.0,1
WS/MP18007/2025-2026/137055,WS/MP18007/2025-2026/137079,1.0,1
WS/MP18007/2025-2026/137055,WS/MP18007/2025-2026/137080,1.0,1
WS/MP18007/2025-2026/137055,WS/MP18007/2025-2026/137081,1.0,1
WS/MP18007/2025-2026/137055,WS/MP18007/2025-2026/137082,1.0,1
WS/MP18007/2025-2026/137055,WS/MP18007/2025-2026/137083,1.0,1
WS/MP18007/2025-2026/137055,WS/MP18007/2025-2026/137084,1.0,1
WS/MP18007/2025-2026/137055,WS/MP18007/2025-2026/137085,1.0,1
WS/MP18007/2025-2026/137055,WS/MP18007/2025-2026/137086,1.0,1
WS/MP18007/2025-2026/137055,WS/MP18007/2025-2026/137087,1.0,1
WS/MP18007/2025-2026/137055,WS/MP18007/2025-2026/137088,1.0,1
WS/MP18007/2025-2026/137055,WS/MP18007/2025-2026/137089,1.0,1
WS/MP18007/2025-2026/137055,WS/MP18007/2025-2026/137090,1.0,1
WS/MP18007/2025-2026/137055,WS/MP18007/2025-2026/137091,1.0,1
WS/MP18007/2025-2026/137055,WS/MP18007/2025-2026/137092,1.0,1
WS/MP18007/2025-2026/137055,WS/MP18007/2025-2026/137093,1.0,1
WS/MP18007/2025-2026/137055,WS/MP18007/2025-2026/137094,1.0,1
WS/MP18007/2025-2026/137055,WS/MP18007/2025-2026/137095,1.0,1
WS/MP18007/2025-2026/137056,WS/MP18007/2025-2026/137057,1.0,1
WS/MP18007/2025-2026/137056,WS/MP18007/2025-2026/137058,1.0,1
WS/MP18007/2025-2026/137056,WS/MP18007/2025-2026/137059,1.0,1
WS/MP18007/2025-2026/137056,WS/MP18007/2025-2026/137060,1.0,1
WS/MP18007/2025-2026/137056,WS/MP18007/2025-2026/137061,1.0,1
WS/MP18007/2025-2026/137056,WS/MP18007/2025-2026/137062,1.0,1
WS/MP18007/2025-2026/137056,WS/MP18007/2025-2026/137063,1.0,1
WS/MP18007/2025-2026/137056,WS/MP18007/2025-2026/137064,1.0,1
WS/MP18007/2025-2026/137056,WS/MP18007/2025-2026/137065,1.0,1
WS/MP18007/2025-2026/137056,WS/MP18007/2025-2026/137066,1.0,1
WS/MP18007/2025-2026/137056,WS/MP18007/2025-2026/137067,1.0,1
WS/MP18007/2025-2026/137056,WS/MP18007/2025-2026/137068,1.0,1
WS/MP18007/2025-2026/137056,WS/MP18007/2025-2026/137069,1.0,1
WS/MP18007/2025-2026/137056,WS/MP18007/2025-2026/137070,1.0,1
WS/MP18007/2025-2026/137056,WS/MP18007/2025-2026/137071,1.0,1
WS/MP18007/2025-2026/137056,WS/MP18007/2025-2026/137072,1.0,1
WS/MP18007/2025-2026/137056,WS/MP18007/2025-2026/137073,1.0,1
WS/MP18007/2025-2026/137056,WS/MP18007/2025-2026/137074,1.0,1
WS/MP18007/2025-2026/137056,WS/MP18007/2025-2026/137075,1.0,1
WS/MP18007/2025-2026/137056,WS/MP18007/2025-2026/137076,1.0,1
WS/MP18007/2025-2026/137056,WS/MP18007/2025-2026/137077,1.0,1
WS/MP18007/2025-2026/137056,WS/MP18007/2025-2026/137078,1.0,1
WS/MP18007/2025-2026/137056,WS/MP18007/2025-2026/137079,1.0,1
WS/MP18007/2025-2026/137056,WS/MP18007/2025-2026/137080,1.0,1
WS/MP18007/2025-2026/137056,WS/MP18007/2025-2026/137081,1.0,1
WS/MP18007/2025-2026/137056,WS/MP18007/2025-2026/137082,1.0,1
WS/MP18007/2025-2026/137056,WS/MP18007/2025-2026/137083,1.0,1
WS/MP18007/2025-2026/137056,WS/MP18007/2025-2026/137084,1.0,1
WS/MP18007/2025-2026/137056,WS/MP18007/2025-2026/137085,1.0,1
WS/MP18007/2025-2026/137056,WS/MP18007/2025-2026/137086,1.0,1
WS/MP18007/2025-2026/137056,WS/MP18007/2025-2026/137087,1.0,1
WS/MP18007/2025-2026/137056,WS/MP18007/2025-2026/137088,1.0,1
WS/MP18007/2025-2026/137056,WS/MP18007/2025-2026/137089,1.0,1
WS/MP18007/2025-2026/137056,WS/MP18007/2025-2026/137090,1.0,1
WS/MP18007/2025-2026/137056,WS/MP18007/2025-2026/137091,1.0,1
WS/MP18007/2025-2026/137056,WS/MP18007/2025-2026/137092,1.0,1
WS/MP18007/2025-2026/137056,WS/MP18007/2025-2026/137093,1.0,1
WS/MP18007/2025-2026/137056,WS/MP18007/2025-2026/137094,1.0,1
WS/MP18007/2025-2026/137056,WS/MP18007/2025-2026/137095,1.0,1
WS/MP18007/2025-2026/137057,WS/MP18007/2025-2026/137058,1.0,1
WS/MP18007/2025-2026/137057,WS/MP18007/2025-2026/137059,1.0,1
WS/MP18007/2025-2026/137057,WS/MP18007/2025-2026/137060,1.0,1
WS/MP18007/2025-2026/137057,WS/MP18007/2025-2026/137061,1.0,1
WS/MP18007/2025-2026/137057,WS/MP18007/2025-2026/137062,1.0,1
WS/MP18007/2025-2026/137057,WS/MP18007/2025-2026/137063,1.0,1
WS/MP18007/2025-2026/137057,WS/MP18007/2025-2026/137064,1.0,1
WS/MP18007/2025-2026/137057,WS/MP18007/2025-2026/137065,1.0,1
WS/MP18007/2025-2026/137057,WS/MP18007/2025-2026/137066,1.0,1
WS/MP18007/2025-2026/137057,WS/MP18007/2025-2026/137067,1.0,1
WS/MP18007/2025-2026/137057,WS/MP18007/2025-2026/137068,1.0,1
WS/MP18007/2025-2026/137057,WS/MP18007/2025-2026/137069,1.0,1
WS/MP18007/2025-2026/137057,WS/MP18007/2025-2026/137070,1.0,1
WS/MP18007/2025-2026/137057,WS/MP18007/2025-2026/137071,1.0,1
WS/MP18007/2025-2026/137057,WS/MP18007/2025-2026/137072,1.0,1
WS/MP18007/2025-2026/137057,WS/MP18007/2025-2026/137073,1.0,1
WS/MP18007/2025-2026/137057,WS/MP18007/2025-2026/137074,1.0,1
WS/MP18007/2025-2026/137057,WS/MP18007/2025-2026/137075,1.0,1
WS/MP18007/2025-2026/137057,WS/MP18007/2025-2026/137076,1.0,1
WS/MP18007/2025-2026/137057,WS/MP18007/2025-2026/137077,1.0,1
WS/MP18007/2025-2026/137057,WS/MP18007/2025-2026/137078,1.0,1
WS/MP18007/2025-2026/137057,WS/MP18007/2025-2026/137079,1.0,1
WS/MP18007/2025-2026/137057,WS/MP18007/2025-2026/137080,1.0,1
WS/MP18007/2025-2026/137057,WS/MP18007/2025-2026/137081,1.0,1
WS/MP18007/2025-2026/137057,WS/MP18007/2025-2026/137082,1.0,1
WS/MP18007/2025-2026/137057,WS/MP18007/2025-2026/137083,1.0,1
WS/MP18007/2025-2026/137057,WS/MP18007/2025-2026/137084,1.0,1
WS/MP18007/2025-2026/137057,WS/MP18007/2025-2026/137085,1.0,1
WS/MP18007/2025-2026/137057,WS/MP18007/2025-2026/137086,1.0,1
WS/MP18007/2025-2026/137057,WS/MP18007/2025-2026/137087,1.0,1
WS/MP18007/2025-2026/137057,WS/MP18007/2025-2026/137088,1.0,1
WS/MP18007/2025-2026/137057,WS/MP18007/2025-2026/137089,1.0,1
WS/MP18007/2025-2026/137057,WS/MP18007/2025-2026/137090,1.0,1
WS/MP18007/2025-2026/137057,WS/MP18007/2025-2026/137091,1.0,1
WS/MP18007/2025-2026/137057,WS/MP18007/2025-2026/137092,1.0,1
WS/MP18007/2025-2026/137057,WS/MP18007/2025-2026/137093,1.0,1
WS/MP18007/2025-2026/137057,WS/MP18007/2025-2026/137094,1.0,1
WS/MP18007/2025-2026/137057,WS/MP18007/2025-2026/137095,1.0,1
WS/MP18007/2025-2026/137058,WS/MP18007/2025-2026/137059,1.0,1
WS/MP18007/2025-2026/137058,WS/MP18007/2025-2026/137060,1.0,1
WS/MP18007/2025-2026/137058,WS/MP18007/2025-2026/137061,1.0,1
WS/MP18007/2025-2026/137058,WS/MP18007/2025-2026/137062,1.0,1
WS/MP18007/2025-2026/137058,WS/MP18007/2025-2026/137063,1.0,1
WS/MP18007/2025-2026/137058,WS/MP18007/2025-2026/137064,1.0,1
WS/MP18007/2025-2026/137058,WS/MP18007/2025-2026/137065,1.0,1
WS/MP18007/2025-2026/137058,WS/MP18007/2025-2026/137066,1.0,1
WS/MP18007/2025-2026/137058,WS/MP18007/2025-2026/137067,1.0,1
WS/MP18007/2025-2026/137058,WS/MP18007/2025-2026/137068,1.0,1
WS/MP18007/2025-2026/137058,WS/MP18007/2025-2026/137069,1.0,1
WS/MP18007/2025-2026/137058,WS/MP18007/2025-2026/137070,1.0,1
WS/MP18007/2025-2026/137058,WS/MP18007/2025-2026/137071,1.0,1
WS/MP18007/2025-2026/137058,WS/MP18007/2025-2026/137072,1.0,1
WS/MP18007/2025-2026/137058,WS/MP18007/2025-2026/137073,1.0,1
WS/MP18007/2025-2026/137058,WS/MP18007/2025-2026/137074,1.0,1
WS/MP18007/2025-2026/137058,WS/MP18007/2025-2026/137075,1.0,1
WS/MP18007/2025-2026/137058,WS/MP18007/2025-2026/137076,1.0,1
WS/MP18007/2025-2026/137058,WS/MP18007/2025-2026/137077,1.0,1
WS/MP18007/2025-2026/137058,WS/MP18007/2025-2026/137078,1.0,1
WS/MP18007/2025-2026/137058,WS/MP18007/2025-2026/137079,1.0,1
WS/MP18007/2025-2026/137058,WS/MP18007/2025-2026/137080,1.0,1
WS/MP18007/2025-2026/137058,WS/MP18007/2025-2026/137081,1.0,1
WS/MP18007/2025-2026/137058,WS/MP18007/2025-2026/137082,1.0,1
WS/MP18007/2025-2026/137058,WS/MP18007/2025-2026/137083,1.0,1
WS/MP18007/2025-2026/137058,WS/MP18007/2025-2026/137084,1.0,1
WS/MP18007/2025-2026/137058,WS/MP18007/2025-2026/137085,1.0,1
WS/MP18007/2025-2026/137058,WS/MP18007/2025-2026/137086,1.0,1
WS/MP18007/2025-2026/137058,WS/MP18007/2025-2026/137087,1.0,1
WS/MP18007/2025-2026/137058,WS/MP18007/2025-2026/137088,1.0,1
WS/MP18007/2025-2026/137058,WS/MP18007/2025-2026/137089,1.0,1
WS/MP18007/2025-2026/137058,WS/MP18007/2025-2026/137090,1.0,1
WS/MP18007/2025-2026/137058,WS/MP18007/2025-2026/137091,1.0,1
WS/MP18007/2025-2026/137058,WS/MP18007/2025-2026/137092,1.0,1
WS/MP18007/2025-2026/137058,WS/MP18007/2025-2026/137093,1.0,1
WS/MP18007/2025-2026/137058,WS/MP18007/2025-2026/137094,1.0,1
WS/MP18007/2025-2026/137058,WS/MP18007/2025-2026/137095,1.0,1
WS/MP18007/2025-2026/137059,WS/MP18007/2025-2026/137060,1.0,1
WS/MP18007/2025-2026/137059,WS/MP18007/2025-2026/137061,1.0,1
WS/MP18007/2025-2026/137059,WS/MP18007/2025-2026/137062,1.0,1
WS/MP18007/2025-2026/137059,WS/MP18007/2025-2026/137063,1.0,1
WS/MP18007/2025-2026/137059,WS/MP18007/2025-2026/137064,1.0,1
WS/MP18007/2025-2026/137059,WS/MP18007/2025-2026/137065,1.0,1
WS/MP18007/2025-2026/137059,WS/MP18007/2025-2026/137066,1.0,1
WS/MP18007/2025-2026/137059,WS/MP18007/2025-2026/137067,1.0,1
WS/MP18007/2025-2026/137059,WS/MP18007/2025-2026/137068,1.0,1
WS/MP18007/2025-2026/137059,WS/MP18007/2025-2026/137069,1.0,1
WS/MP18007/2025-2026/137059,WS/MP18007/2025-2026/137070,1.0,1
WS/MP18007/2025-2026/137059,WS/MP18007/2025-2026/137071,1.0,1
WS/MP18007/2025-2026/137059,WS/MP18007/2025-2026/137072,1.0,1
WS/MP18007/2025-2026/137059,WS/MP18007/2025-2026/137073,1.0,1
WS/MP18007/2025-2026/137059,WS/MP18007/2025-2026/137074,1.0,1
WS/MP18007/2025-2026/137059,WS/MP18007/2025-2026/137075,1.0,1
WS/MP18007/2025-2026/137059,WS/MP18007/2025-2026/137076,1.0,1
WS/MP18007/2025-2026/137059,WS/MP18007/2025-2026/137077,1.0,1
WS/MP18007/2025-2026/137059,WS/MP18007/2025-2026/137078,1.0,1
WS/MP18007/2025-2026/137059,WS/MP18007/2025-2026/137079,1.0,1
WS/MP18007/2025-2026/137059,WS/MP18007/2025-2026/137080,1.0,1
WS/MP18007/2025-2026/137059,WS/MP18007/2025-2026/137081,1.0,1
WS/MP18007/2025-2026/137059,WS/MP18007/2025-2026/137082,1.0,1
WS/MP18007/2025-2026/137059,WS/MP18007/2025-2026/137083,1.0,1
WS/MP18007/2025-2026/137059,WS/MP18007/2025-2026/137084,1.0,1
WS/MP18007/2025-2026/137059,WS/MP18007/2025-2026/137085,1.0,1
WS/MP18007/2025-2026/137059,WS/MP18007/2025-2026/137086,1.0,1
WS/MP18007/2025-2026/137059,WS/MP18007/2025-2026/137087,1.0,1
WS/MP18007/2025-2026/137059,WS/MP18007/2025-2026/137088,1.0,1
WS/MP18007/2025-2026/137059,WS/MP18007/2025-2026/137089,1.0,1
WS/MP18007/2025-2026/137059,WS/MP18007/2025-2026/137090,1.0,1
WS/MP18007/2025-2026/137059,WS/MP18007/2025-2026/137091,1.0,1
WS/MP18007/2025-2026/137059,WS/MP18007/2025-2026/137092,1.0,1
WS/MP18007/2025-2026/137059,WS/MP18007/2025-2026/137093,1.0,1
WS/MP18007/2025-2026/137059,WS/MP18007/2025-2026/137094,1.0,1
WS/MP18007/2025-2026/137059,WS/MP18007/2025-2026/137095,1.0,1
WS/MP18007/2025-2026/137060,WS/MP18007/2025-2026/137061,1.0,1
WS/MP18007/2025-2026/137060,WS/MP18007/2025-2026/137062,1.0,1
WS/MP18007/2025-2026/137060,WS/MP18007/2025-2026/137063,1.0,1
WS/MP18007/2025-2026/137060,WS/MP18007/2025-2026/137064,1.0,1
WS/MP18007/2025-2026/137060,WS/MP18007/2025-2026/137065,1.0,1
WS/MP18007/2025-2026/137060,WS/MP18007/2025-2026/137066,1.0,1
WS/MP18007/2025-2026/137060,WS/MP18007/2025-2026/137067,1.0,1
WS/MP18007/2025-2026/137060,WS/MP18007/2025-2026/137068,1.0,1
WS/MP18007/2025-2026/137060,WS/MP18007/2025-2026/137069,1.0,1
WS/MP18007/2025-2026/137060,WS/MP18007/2025-2026/137070,1.0,1
WS/MP18007/2025-2026/137060,WS/MP18007/2025-2026/137071,1.0,1
WS/MP18007/2025-2026/137060,WS/MP18007/2025-2026/137072,1.0,1
WS/MP18007/2025-2026/137060,WS/MP18007/2025-2026/137073,1.0,1
WS/MP18007/2025-2026/137060,WS/MP18007/2025-2026/137074,1.0,1
WS/MP18007/2025-2026/137060,WS/MP18007/2025-2026/137075,1.0,1
WS/MP18007/2025-2026/137060,WS/MP18007/2025-2026/137076,1.0,1
WS/MP18007/2025-2026/137060,WS/MP18007/2025-2026/137077,1.0,1
WS/MP18007/2025-2026/137060,WS/MP18007/2025-2026/137078,1.0,1
WS/MP18007/2025-2026/137060,WS/MP18007/2025-2026/137079,1.0,1
WS/MP18007/2025-2026/137060,WS/MP18007/2025-2026/137080,1.0,1
WS/MP18007/2025-2026/137060,WS/MP18007/2025-2026/137081,1.0,1
WS/MP18007/2025-2026/137060,WS/MP18007/2025-2026/137082,1.0,1
WS/MP18007/2025-2026/137060,WS/MP18007/2025-2026/137083,1.0,1
WS/MP18007/2025-2026/137060,WS/MP18007/2025-2026/137084,1.0,1
WS/MP18007/2025-2026/137060,WS/MP18007/2025-2026/137085,1.0,1
WS/MP18007/2025-2026/137060,WS/MP18007/2025-2026/137086,1.0,1
WS/MP18007/2025-2026/137060,WS/MP18007/2025-2026/137087,1.0,1
WS/MP18007/2025-2026/137060,WS/MP18007/2025-2026/137088,1.0,1
WS/MP18007/2025-2026/137060,WS/MP18007/2025-2026/137089,1.0,1
WS/MP18007/2025-2026/137060,WS/MP18007/2025-2026/137090,1.0,1
WS/MP18007/2025-2026/137060,WS/MP18007/2025-2026/137091,1.0,1
WS/MP18007/2025-2026/137060,WS/MP18007/2025-2026/137092,1.0,1
WS/MP18007/2025-2026/137060,WS/MP18007/2025-2026/137093,1.0,1
WS/MP18007/2025-2026/137060,WS/MP18007/2025-2026/137094,1.0,1
WS/MP18007/2025-2026/137060,WS/MP18007/2025-2026/137095,1.0,1
WS/MP18007/2025-2026/137061,WS/MP18007/2025-2026/137062,1.0,1
WS/MP18007/2025-2026/137061,WS/MP18007/2025-2026/137063,1.0,1
WS/MP18007/2025-2026/137061,WS/MP18007/2025-2026/137064,1.0,1
WS/MP18007/2025-2026/137061,WS/MP18007/2025-2026/137065,1.0,1
WS/MP18007/2025-2026/137061,WS/MP18007/2025-2026/137066,1.0,1
WS/MP18007/2025-2026/137061,WS/MP18007/2025-2026/137067,1.0,1
WS/MP18007/2025-2026/137061,WS/MP18007/2025-2026/137068,1.0,1
WS/MP18007/2025-2026/137061,WS/MP18007/2025-2026/137069,1.0,1
WS/MP18007/2025-2026/137061,WS/MP18007/2025-2026/137070,1.0,1
WS/MP18007/2025-2026/137061,WS/MP18007/2025-2026/137071,1.0,1
WS/MP18007/2025-2026/137061,WS/MP18007/2025-2026/137072,1.0,1
WS/MP18007/2025-2026/137061,WS/MP18007/2025-2026/137073,1.0,1
WS/MP18007/2025-2026/137061,WS/MP18007/2025-2026/137074,1.0,1
WS/MP18007/2025-2026/137061,WS/MP18007/2025-2026/137075,1.0,1
WS/MP18007/2025-2026/137061,WS/MP18007/2025-2026/137076,1.0,1
WS/MP18007/2025-2026/137061,WS/MP18007/2025-2026/137077,1.0,1
WS/MP18007/2025-2026/137061,WS/MP18007/2025-2026/137078,1.0,1
WS/MP18007/2025-2026/137061,WS/MP18007/2025-2026/137079,1.0,1
WS/MP18007/2025-2026/137061,WS/MP18007/2025-2026/137080,1.0,1
WS/MP18007/2025-2026/137061,WS/MP18007/2025-2026/137081,1.0,1
WS/MP18007/2025-2026/137061,WS/MP18007/2025-2026/137082,1.0,1
WS/MP18007/2025-2026/137061,WS/MP18007/2025-2026/137083,1.0,1
WS/MP18007/2025-2026/137061,WS/MP18007/2025-2026/137084,1.0,1
WS/MP18007/2025-2026/137061,WS/MP18007/2025-2026/137085,1.0,1
WS/MP18007/2025-2026/137061,WS/MP18007/2025-2026/137086,1.0,1
WS/MP18007/2025-2026/137061,WS/MP18007/2025-2026/137087,1.0,1
WS/MP18007/2025-2026/137061,WS/MP18007/2025-2026/137088,1.0,1
WS/MP18007/2025-2026/137061,WS/MP18007/2025-2026/137089,1.0,1
WS/MP18007/2025-2026/137061,WS/MP18007/2025-2026/137090,1.0,1
WS/MP18007/2025-2026/137061,WS/MP18007/2025-2026/137091,1.0,1
WS/MP18007/2025-2026/137061,WS/MP18007/2025-2026/137092,1.0,1
WS/MP18007/2025-2026/137061,WS/MP18007/2025-2026/137093,1.0,1
WS/MP18007/2025-2026/137061,WS/MP18007/2025-2026/137094,1.0,1
WS/MP18007/2025-2026/137061,WS/MP18007/2025-2026/137095,1.0,1
WS/MP18007/2025-2026/137062,WS/MP18007/2025-2026/137063,1.0,1
WS/MP18007/2025-2026/137062,WS/MP18007/2025-2026/137064,1.0,1
WS/MP18007/2025-2026/137062,WS/MP18007/2025-2026/137065,1.0,1
WS/MP18007/2025-2026/137062,WS/MP18007/2025-2026/137066,1.0,1
WS/MP18007/2025-2026/137062,WS/MP18007/2025-2026/137067,1.0,1
WS/MP18007/2025-2026/137062,WS/MP18007/2025-2026/137068,1.0,1
WS/MP18007/2025-2026/137062,WS/MP18007/2025-2026/137069,1.0,1
WS/MP18007/2025-2026/137062,WS/MP18007/2025-2026/137070,1.0,1
WS/MP18007/2025-2026/137062,WS/MP18007/2025-2026/137071,1.0,1
WS/MP18007/2025-2026/137062,WS/MP18007/2025-2026/137072,1.0,1
WS/MP18007/2025-2026/137062,WS/MP18007/2025-2026/137073,1.0,1
WS/MP18007/2025-2026/137062,WS/MP18007/2025-2026/137074,1.0,1
WS/MP18007/2025-2026/137062,WS/MP18007/2025-2026/137075,1.0,1
WS/MP18007/2025-2026/137062,WS/MP18007/2025-2026/137076,1.0,1
WS/MP18007/2025-2026/137062,WS/MP18007/2025-2026/137077,1.0,1
WS/MP18007/2025-2026/137062,WS/MP18007/2025-2026/137078,1.0,1
WS/MP18007/2025-2026/137062,WS/MP18007/2025-2026/137079,1.0,1
WS/MP18007/2025-2026/137062,WS/MP18007/2025-2026/137080,1.0,1
WS/MP18007/2025-2026/137062,WS/MP18007/2025-2026/137081,1.0,1
WS/MP18007/2025-2026/137062,WS/MP18007/2025-2026/137082,1.0,1
WS/MP18007/2025-2026/137062,WS/MP18007/2025-2026/137083,1.0,1
WS/MP18007/2025-2026/137062,WS/MP18007/2025-2026/137084,1.0,1
WS/MP18007/2025-2026/137062,WS/MP18007/2025-2026/137085,1.0,1
WS/MP18007/2025-2026/137062,WS/MP18007/2025-2026/137086,1.0,1
WS/MP18007/2025-2026/137062,WS/MP18007/2025-2026/137087,1.0,1
WS/MP18007/2025-2026/137062,WS/MP18007/2025-2026/137088,1.0,1
WS/MP18007/2025-2026/137062,WS/MP18007/2025-2026/137089,1.0,1
WS/MP18007/2025-2026/137062,WS/MP18007/2025-2026/137090,1.0,1
WS/MP18007/2025-2026/137062,WS/MP18007/2025-2026/137091,1.0,1
WS/MP18007/2025-2026/137062,WS/MP18007/2025-2026/137092,1.0,1
WS/MP18007/2025-2026/137062,WS/MP18007/2025-2026/137093,1.0,1
WS/MP18007/2025-2026/137062,WS/MP18007/2025-2026/137094,1.0,1
WS/MP18007/2025-2026/137062,WS/MP18007/2025-2026/137095,1.0,1
WS/MP18007/2025-2026/137063,WS/MP18007/2025-2026/137064,1.0,1
WS/MP18007/2025-2026/137063,WS/MP18007/2025-2026/137065,1.0,1
WS/MP18007/2025-2026/137063,WS/MP18007/2025-2026/137066,1.0,1
WS/MP18007/2025-2026/137063,WS/MP18007/2025-2026/137067,1.0,1
WS/MP18007/2025-2026/137063,WS/MP18007/2025-2026/137068,1.0,1
WS/MP18007/2025-2026/137063,WS/MP18007/2025-2026/137069,1.0,1
WS/MP18007/2025-2026/137063,WS/MP18007/2025-2026/137070,1.0,1
WS/MP18007/2025-2026/137063,WS/MP18007/2025-2026/137071,1.0,1
WS/MP18007/2025-2026/137063,WS/MP18007/2025-2026/137072,1.0,1
WS/MP18007/2025-2026/137063,WS/MP18007/2025-2026/137073,1.0,1
WS/MP18007/2025-2026/137063,WS/MP18007/2025-2026/137074,1.0,1
WS/MP18007/2025-2026/137063,WS/MP18007/2025-2026/137075,1.0,1
WS/MP18007/2025-2026/137063,WS/MP18007/2025-2026/137076,1.0,1
WS/MP18007/2025-2026/137063,WS/MP18007/2025-2026/137077,1.0,1
WS/MP18007/2025-2026/137063,WS/MP18007/2025-2026/137078,1.0,1
WS/MP18007/2025-2026/137063,WS/MP18007/2025-2026/137079,1.0,1
WS/MP18007/2025-2026/137063,WS/MP18007/2025-2026/137080,1.0,1
WS/MP18007/2025-2026/137063,WS/MP18007/2025-2026/137081,1.0,1
WS/MP18007/2025-2026/137063,WS/MP18007/2025-2026/137082,1.0,1
WS/MP18007/2025-2026/137063,WS/MP18007/2025-2026/137083,1.0,1
WS/MP18007/2025-2026/137063,WS/MP18007/2025-2026/137084,1.0,1
WS/MP18007/2025-2026/137063,WS/MP18007/2025-2026/137085,1.0,1
WS/MP18007/2025-2026/137063,WS/MP18007/2025-2026/137086,1.0,1
WS/MP18007/2025-2026/137063,WS/MP18007/2025-2026/137087,1.0,1
WS/MP18007/2025-2026/137063,WS/MP18007/2025-2026/137088,1.0,1
WS/MP18007/2025-2026/137063,WS/MP18007/2025-2026/137089,1.0,1
WS/MP18007/2025-2026/137063,WS/MP18007/2025-2026/137090,1.0,1
WS/MP18007/2025-2026/137063,WS/MP18007/2025-2026/137091,1.0,1
WS/MP18007/2025-2026/137063,WS/MP18007/2025-2026/137092,1.0,1
WS/MP18007/2025-2026/137063,WS/MP18007/2025-2026/137093,1.0,1
WS/MP18007/2025-2026/137063,WS/MP18007/2025-2026/137094,1.0,1
WS/MP18007/2025-2026/137063,WS/MP18007/2025-2026/137095,1.0,1
WS/MP18007/2025-2026/137064,WS/MP18007/2025-2026/137065,1.0,1
WS/MP18007/2025-2026/137064,WS/MP18007/2025-2026/137066,1.0,1
WS/MP18007/2025-2026/137064,WS/MP18007/2025-2026/137067,1.0,1
WS/MP18007/2025-2026/137064,WS/MP18007/2025-2026/137068,1.0,1
WS/MP18007/2025-2026/137064,WS/MP18007/2025-2026/137069,1.0,1
WS/MP18007/2025-2026/137064,WS/MP18007/2025-2026/137070,1.0,1
WS/MP18007/2025-2026/137064,WS/MP18007/2025-2026/137071,1.0,1
WS/MP18007/2025-2026/137064,WS/MP18007/2025-2026/137072,1.0,1
WS/MP18007/2025-2026/137064,WS/MP18007/2025-2026/137073,1.0,1
WS/MP18007/2025-2026/137064,WS/MP18007/2025-2026/137074,1.0,1
WS/MP18007/2025-2026/137064,WS/MP18007/2025-2026/137075,1.0,1
WS/MP18007/2025-2026/137064,WS/MP18007/2025-2026/137076,1.0,1
WS/MP18007/2025-2026/137064,WS/MP18007/2025-2026/137077,1.0,1
WS/MP18007/2025-2026/137064,WS/MP18007/2025-2026/137078,1.0,1
WS/MP18007/2025-2026/137064,WS/MP18007/2025-2026/137079,1.0,1
WS/MP18007/2025-2026/137064,WS/MP18007/2025-2026/137080,1.0,1
WS/MP18007/2025-2026/137064,WS/MP18007/2025-2026/137081,1.0,1
WS/MP18007/2025-2026/137064,WS/MP18007/2025-2026/137082,1.0,1
WS/MP18007/2025-2026/137064,WS/MP18007/2025-2026/137083,1.0,1
WS/MP18007/2025-2026/137064,WS/MP18007/2025-2026/137084,1.0,1
WS/MP18007/2025-2026/137064,WS/MP18007/2025-2026/137085,1.0,1
WS/MP18007/2025-2026/137064,WS/MP18007/2025-2026/137086,1.0,1
WS/MP18007/2025-2026/137064,WS/MP18007/2025-2026/137087,1.0,1
WS/MP18007/2025-2026/137064,WS/MP18007/2025-2026/137088,1.0,1
WS/MP18007/2025-2026/137064,WS/MP18007/2025-2026/137089,1.0,1
WS/MP18007/2025-2026/137064,WS/MP18007/2025-2026/137090,1.0,1
WS/MP18007/2025-2026/137064,WS/MP18007/2025-2026/137091,1.0,1
WS/MP18007/2025-2026/137064,WS/MP18007/2025-2026/137092,1.0,1
WS/MP18007/2025-2026/137064,WS/MP18007/2025-2026/137093,1.0,1
WS/MP18007/2025-2026/137064,WS/MP18007/2025-2026/137094,1.0,1
WS/MP18007/2025-2026/137064,WS/MP18007/2025-2026/137095,1.0,1
WS/MP18007/2025-2026/137065,WS/MP18007/2025-2026/137066,1.0,1
WS/MP18007/2025-2026/137065,WS/MP18007/2025-2026/137067,1.0,1
WS/MP18007/2025-2026/137065,WS/MP18007/2025-2026/137068,1.0,1
WS/MP18007/2025-2026/137065,WS/MP18007/2025-2026/137069,1.0,1
WS/MP18007/2025-2026/137065,WS/MP18007/2025-2026/137070,1.0,1
WS/MP18007/2025-2026/137065,WS/MP18007/2025-2026/137071,1.0,1
WS/MP18007/2025-2026/137065,WS/MP18007/2025-2026/137072,1.0,1
WS/MP18007/2025-2026/137065,WS/MP18007/2025-2026/137073,1.0,1
WS/MP18007/2025-2026/137065,WS/MP18007/2025-2026/137074,1.0,1
WS/MP18007/2025-2026/137065,WS/MP18007/2025-2026/137075,1.0,1
WS/MP18007/2025-2026/137065,WS/MP18007/2025-2026/137076,1.0,1
WS/MP18007/2025-2026/137065,WS/MP18007/2025-2026/137077,1.0,1
WS/MP18007/2025-2026/137065,WS/MP18007/2025-2026/137078,1.0,1
WS/MP18007/2025-2026/137065,WS/MP18007/2025-2026/137079,1.0,1
WS/MP18007/2025-2026/137065,WS/MP18007/2025-2026/137080,1.0,1
WS/MP18007/2025-2026/137065,WS/MP18007/2025-2026/137081,1.0,1
WS/MP18007/2025-2026/137065,WS/MP18007/2025-2026/137082,1.0,1
WS/MP18007/2025-2026/137065,WS/MP18007/2025-2026/137083,1.0,1
WS/MP18007/2025-2026/137065,WS/MP18007/2025-2026/137084,1.0,1
WS/MP18007/2025-2026/137065,WS/MP18007/2025-2026/137085,1.0,1
WS/MP18007/2025-2026/137065,WS/MP18007/2025-2026/137086,1.0,1
WS/MP18007/2025-2026/137065,WS/MP18007/2025-2026/137087,1.0,1
WS/MP18007/2025-2026/137065,WS/MP18007/2025-2026/137088,1.0,1
WS/MP18007/2025-2026/137065,WS/MP18007/2025-2026/137089,1.0,1
WS/MP18007/2025-2026/137065,WS/MP18007/2025-2026/137090,1.0,1
WS/MP18007/2025-2026/137065,WS/MP18007/2025-2026/137091,1.0,1
WS/MP18007/2025-2026/137065,WS/MP18007/2025-2026/137092,1.0,1
WS/MP18007/2025-2026/137065,WS/MP18007/2025-2026/137093,1.0,1
WS/MP18007/2025-2026/137065,WS/MP18007/2025-2026/137094,1.0,1
WS/MP18007/2025-2026/137065,WS/MP18007/2025-2026/137095,1.0,1
WS/MP18007/2025-2026/137066,WS/MP18007/2025-2026/137067,1.0,1
WS/MP18007/2025-2026/137066,WS/MP18007/2025-2026/137068,1.0,1
WS/MP18007/2025-2026/137066,WS/MP18007/2025-2026/137069,1.0,1
WS/MP18007/2025-2026/137066,WS/MP18007/2025-2026/137070,1.0,1
WS/MP18007/2025-2026/137066,WS/MP18007/2025-2026/137071,1.0,1
WS/MP18007/2025-2026/137066,WS/MP18007/2025-2026/137072,1.0,1
WS/MP18007/2025-2026/137066,WS/MP18007/2025-2026/137073,1.0,1
WS/MP18007/2025-2026/137066,WS/MP18007/2025-2026/137074,1.0,1
WS/MP18007/2025-2026/137066,WS/MP18007/2025-2026/137075,1.0,1
WS/MP18007/2025-2026/137066,WS/MP18007/2025-2026/137076,1.0,1
WS/MP18007/2025-2026/137066,WS/MP18007/2025-2026/137077,1.0,1
WS/MP18007/2025-2026/137066,WS/MP18007/2025-2026/137078,1.0,1
WS/MP18007/2025-2026/137066,WS/MP18007/2025-2026/137079,1.0,1
WS/MP18007/2025-2026/137066,WS/MP18007/2025-2026/137080,1.0,1
WS/MP18007/2025-2026/137066,WS/MP18007/2025-2026/137081,1.0,1
WS/MP18007/2025-2026/137066,WS/MP18007/2025-2026/137082,1.0,1
WS/MP18007/2025-2026/137066,WS/MP18007/2025-2026/137083,1.0,1
WS/MP18007/2025-2026/137066,WS/MP18007/2025-2026/137084,1.0,1
WS/MP18007/2025-2026/137066,WS/MP18007/2025-2026/137085,1.0,1
WS/MP18007/2025-2026/137066,WS/MP18007/2025-2026/137086,1.0,1
WS/MP18007/2025-2026/137066,WS/MP18007/2025-2026/137087,1.0,1
WS/MP18007/2025-2026/137066,WS/MP18007/2025-2026/137088,1.0,1
WS/MP18007/2025-2026/137066,WS/MP18007/2025-2026/137089,1.0,1
WS/MP18007/2025-2026/137066,WS/MP18007/2025-2026/137090,1.0,1
WS/MP18007/2025-2026/137066,WS/MP18007/2025-2026/137091,1.0,1
WS/MP18007/2025-2026/137066,WS/MP18007/2025-2026/137092,1.0,1
WS/MP18007/2025-2026/137066,WS/MP18007/2025-2026/137093,1.0,1
WS/MP18007/2025-2026/137066,WS/MP18007/2025-2026/137094,1.0,1
WS/MP18007/2025-2026/137066,WS/MP18007/2025-2026/137095,1.0,1
WS/MP18007/2025-2026/137067,WS/MP18007/2025-2026/137068,1.0,1
WS/MP18007/2025-2026/137067,WS/MP18007/2025-2026/137069,1.0,1
WS/MP18007/2025-2026/137067,WS/MP18007/2025-2026/137070,1.0,1
WS/MP18007/2025-2026/137067,WS/MP18007/2025-2026/137071,1.0,1
WS/MP18007/2025-2026/137067,WS/MP18007/2025-2026/137072,1.0,1
WS/MP18007/2025-2026/137067,WS/MP18007/2025-2026/137073,1.0,1
WS/MP18007/2025-2026/137067,WS/MP18007/2025-2026/137074,1.0,1
WS/MP18007/2025-2026/137067,WS/MP18007/2025-2026/137075,1.0,1
WS/MP18007/2025-2026/137067,WS/MP18007/2025-2026/137076,1.0,1
WS/MP18007/2025-2026/137067,WS/MP18007/2025-2026/137077,1.0,1
WS/MP18007/2025-2026/137067,WS/MP18007/2025-2026/137078,1.0,1
WS/MP18007/2025-2026/137067,WS/MP18007/2025-2026/137079,1.0,1
WS/MP18007/2025-2026/137067,WS/MP18007/2025-2026/137080,1.0,1
WS/MP18007/2025-2026/137067,WS/MP18007/2025-2026/137081,1.0,1
WS/MP18007/2025-2026/137067,WS/MP18007/2025-2026/137082,1.0,1
WS/MP18007/2025-2026/137067,WS/MP18007/2025-2026/137083,1.0,1
WS/MP18007/2025-2026/137067,WS/MP18007/2025-2026/137084,1.0,1
WS/MP18007/2025-2026/137067,WS/MP18007/2025-2026/137085,1.0,1
WS/MP18007/2025-2026/137067,WS/MP18007/2025-2026/137086,1.0,1
WS/MP18007/2025-2026/137067,WS/MP18007/2025-2026/137087,1.0,1
WS/MP18007/2025-2026/137067,WS/MP18007/2025-2026/137088,1.0,1
WS/MP18007/2025-2026/137067,WS/MP18007/2025-2026/137089,1.0,1
WS/MP18007/2025-2026/137067,WS/MP18007/2025-2026/137090,1.0,1
WS/MP18007/2025-2026/137067,WS/MP18007/2025-2026/137091,1.0,1
WS/MP18007/2025-2026/137067,WS/MP18007/2025-2026/137092,1.0,1
WS/MP18007/2025-2026/137067,WS/MP18007/2025-2026/137093,1.0,1
WS/MP18007/2025-2026/137067,WS/MP18007/2025-2026/137094,1.0,1
WS/MP18007/2025-2026/137067,WS/MP18007/2025-2026/137095,1.0,1
WS/MP18007/2025-2026/137068,WS/MP18007/2025-2026/137069,1.0,1
WS/MP18007/2025-2026/137068,WS/MP18007/2025-2026/137070,1.0,1
WS/MP18007/2025-2026/137068,WS/MP18007/2025-2026/137071,1.0,1
WS/MP18007/2025-2026/137068,WS/MP18007/2025-2026/137072,1.0,1
WS/MP18007/2025-2026/137068,WS/MP18007/2025-2026/137073,1.0,1
WS/MP18007/2025-2026/137068,WS/MP18007/2025-2026/137074,1.0,1
WS/MP18007/2025-2026/137068,WS/MP18007/2025-2026/137075,1.0,1
WS/MP18007/2025-2026/137068,WS/MP18007/2025-2026/137076,1.0,1
WS/MP18007/2025-2026/137068,WS/MP18007/2025-2026/137077,1.0,1
WS/MP18007/2025-2026/137068,WS/MP18007/2025-2026/137078,1.0,1
WS/MP18007/2025-2026/137068,WS/MP18007/2025-2026/137079,1.0,1
WS/MP18007/2025-2026/137068,WS/MP18007/2025-2026/137080,1.0,1
WS/MP18007/2025-2026/137068,WS/MP18007/2025-2026/137081,1.0,1
WS/MP18007/2025-2026/137068,WS/MP18007/2025-2026/137082,1.0,1
WS/MP18007/2025-2026/137068,WS/MP18007/2025-2026/137083,1.0,1
WS/MP18007/2025-2026/137068,WS/MP18007/2025-2026/137084,1.0,1
WS/MP18007/2025-2026/137068,WS/MP18007/2025-2026/137085,1.0,1
WS/MP18007/2025-2026/137068,WS/MP18007/2025-2026/137086,1.0,1
WS/MP18007/2025-2026/137068,WS/MP18007/2025-2026/137087,1.0,1
WS/MP18007/2025-2026/137068,WS/MP18007/2025-2026/137088,1.0,1
WS/MP18007/2025-2026/137068,WS/MP18007/2025-2026/137089,1.0,1
WS/MP18007/2025-2026/137068,WS/MP18007/2025-2026/137090,1.0,1
WS/MP18007/2025-2026/137068,WS/MP18007/2025-2026/137091,1.0,1
WS/MP18007/2025-2026/137068,WS/MP18007/2025-2026/137092,1.0,1
WS/MP18007/2025-2026/137068,WS/MP18007/2025-2026/137093,1.0,1
WS/MP18007/2025-2026/137068,WS/MP18007/2025-2026/137094,1.0,1
WS/MP18007/2025-2026/137068,WS/MP18007/2025-2026/137095,1.0,1
WS/MP18007/2025-2026/137069,WS/MP18007/2025-2026/137070,1.0,1
WS/MP18007/2025-2026/137069,WS/MP18007/2025-2026/137071,1.0,1
WS/MP18007/2025-2026/137069,WS/MP18007/2025-2026/137072,1.0,1
WS/MP18007/2025-2026/137069,WS/MP18007/2025-2026/137073,1.0,1
WS/MP18007/2025-2026/137069,WS/MP18007/2025-2026/137074,1.0,1
WS/MP18007/2025-2026/137069,WS/MP18007/2025-2026/137075,1.0,1
WS/MP18007/2025-2026/137069,WS/MP18007/2025-2026/137076,1.0,1
WS/MP18007/2025-2026/137069,WS/MP18007/2025-2026/137077,1.0,1
WS/MP18007/2025-2026/137069,WS/MP18007/2025-2026/137078,1.0,1
WS/MP18007/2025-2026/137069,WS/MP18007/2025-2026/137079,1.0,1
WS/MP18007/2025-2026/137069,WS/MP18007/2025-2026/137080,1.0,1
WS/MP18007/2025-2026/137069,WS/MP18007/2025-2026/137081,1.0,1
WS/MP18007/2025-2026/137069,WS/MP18007/2025-2026/137082,1.0,1
WS/MP18007/2025-2026/137069,WS/MP18007/2025-2026/137083,1.0,1
WS/MP18007/2025-2026/137069,WS/MP18007/2025-2026/137084,1.0,1
WS/MP18007/2025-2026/137069,WS/MP18007/2025-2026/137085,1.0,1
WS/MP18007/2025-2026/137069,WS/MP18007/2025-2026/137086,1.0,1
WS/MP18007/2025-2026/137069,WS/MP18007/2025-2026/137087,1.0,1
WS/MP18007/2025-2026/137069,WS/MP18007/2025-2026/137088,1.0,1
WS/MP18007/2025-2026/137069,WS/MP18007/2025-2026/137089,1.0,1
WS/MP18007/2025-2026/137069,WS/MP18007/2025-2026/137090,1.0,1
WS/MP18007/2025-2026/137069,WS/MP18007/2025-2026/137091,1.0,1
WS/MP18007/2025-2026/137069,WS/MP18007/2025-2026/137092,1.0,1
WS/MP18007/2025-2026/137069,WS/MP18007/2025-2026/137093,1.0,1
WS/MP18007/2025-2026/137069,WS/MP18007/2025-2026/137094,1.0,1
WS/MP18007/2025-2026/137069,WS/MP18007/2025-2026/137095,1.0,1
WS/MP18007/2025-2026/137070,WS/MP18007/2025-2026/137071,1.0,1
WS/MP18007/2025-2026/137070,WS/MP18007/2025-2026/137072,1.0,1
WS/MP18007/2025-2026/137070,WS/MP18007/2025-2026/137073,1.0,1
WS/MP18007/2025-2026/137070,WS/MP18007/2025-2026/137074,1.0,1
WS/MP18007/2025-2026/137070,WS/MP18007/2025-2026/137075,1.0,1
WS/MP18007/2025-2026/137070,WS/MP18007/2025-2026/137076,1.0,1
WS/MP18007/2025-2026/137070,WS/MP18007/2025-2026/137077,1.0,1
WS/MP18007/2025-2026/137070,WS/MP18007/2025-2026/137078,1.0,1
WS/MP18007/2025-2026/137070,WS/MP18007/2025-2026/137079,1.0,1
WS/MP18007/2025-2026/137070,WS/MP18007/2025-2026/137080,1.0,1
WS/MP18007/2025-2026/137070,WS/MP18007/2025-2026/137081,1.0,1
WS/MP18007/2025-2026/137070,WS/MP18007/2025-2026/137082,1.0,1
WS/MP18007/2025-2026/137070,WS/MP18007/2025-2026/137083,1.0,1
WS/MP18007/2025-2026/137070,WS/MP18007/2025-2026/137084,1.0,1
WS/MP18007/2025-2026/137070,WS/MP18007/2025-2026/137085,1.0,1
WS/MP18007/2025-2026/137070,WS/MP18007/2025-2026/137086,1.0,1
WS/MP18007/2025-2026/137070,WS/MP18007/2025-2026/137087,1.0,1
WS/MP18007/2025-2026/137070,WS/MP18007/2025-2026/137088,1.0,1
WS/MP18007/2025-2026/137070,WS/MP18007/2025-2026/137089,1.0,1
WS/MP18007/2025-2026/137070,WS/MP18007/2025-2026/137090,1.0,1
WS/MP18007/2025-2026/137070,WS/MP18007/2025-2026/137091,1.0,1
WS/MP18007/2025-2026/137070,WS/MP18007/2025-2026/137092,1.0,1
WS/MP18007/2025-2026/137070,WS/MP18007/2025-2026/137093,1.0,1
WS/MP18007/2025-2026/137070,WS/MP18007/2025-2026/137094,1.0,1
WS/MP18007/2025-2026/137070,WS/MP18007/2025-2026/137095,1.0,1
WS/MP18007/2025-2026/137071,WS/MP18007/2025-2026/137072,1.0,1
WS/MP18007/2025-2026/137071,WS/MP18007/2025-2026/137073,1.0,1
WS/MP18007/2025-2026/137071,WS/MP18007/2025-2026/137074,1.0,1
WS/MP18007/2025-2026/137071,WS/MP18007/2025-2026/137075,1.0,1
WS/MP18007/2025-2026/137071,WS/MP18007/2025-2026/137076,1.0,1
WS/MP18007/2025-2026/137071,WS/MP18007/2025-2026/137077,1.0,1
WS/MP18007/2025-2026/137071,WS/MP18007/2025-2026/137078,1.0,1
WS/MP18007/2025-2026/137071,WS/MP18007/2025-2026/137079,1.0,1
WS/MP18007/2025-2026/137071,WS/MP18007/2025-2026/137080,1.0,1
WS/MP18007/2025-2026/137071,WS/MP18007/2025-2026/137081,1.0,1
WS/MP18007/2025-2026/137071,WS/MP18007/2025-2026/137082,1.0,1
WS/MP18007/2025-2026/137071,WS/MP18007/2025-2026/137083,1.0,1
WS/MP18007/2025-2026/137071,WS/MP18007/2025-2026/137084,1.0,1
WS/MP18007/2025-2026/137071,WS/MP18007/2025-2026/137085,1.0,1
WS/MP18007/2025-2026/137071,WS/MP18007/2025-2026/137086,1.0,1
WS/MP18007/2025-2026/137071,WS/MP18007/2025-2026/137087,1.0,1
WS/MP18007/2025-2026/137071,WS/MP18007/2025-2026/137088,1.0,1
WS/MP18007/2025-2026/137071,WS/MP18007/2025-2026/137089,1.0,1
WS/MP18007/2025-2026/137071,WS/MP18007/2025-2026/137090,1.0,1
WS/MP18007/2025-2026/137071,WS/MP18007/2025-2026/137091,1.0,1
WS/MP18007/2025-2026/137071,WS/MP18007/2025-2026/137092,1.0,1
WS/MP18007/2025-2026/137071,WS/MP18007/2025-2026/137093,1.0,1
WS/MP18007/2025-2026/137071,WS/MP18007/2025-2026/137094,1.0,1
WS/MP18007/2025-2026/137071,WS/MP18007/2025-2026/137095,1.0,1
WS/MP18007/2025-2026/137072,WS/MP18007/2025-2026/137073,1.0,1
WS/MP18007/2025-2026/137072,WS/MP18007/2025-2026/137074,1.0,1
WS/MP18007/2025-2026/137072,WS/MP18007/2025-2026/137075,1.0,1
WS/MP18007/2025-2026/137072,WS/MP18007/2025-2026/137076,1.0,1
WS/MP18007/2025-2026/137072,WS/MP18007/2025-2026/137077,1.0,1
WS/MP18007/2025-2026/137072,WS/MP18007/2025-2026/137078,1.0,1
WS/MP18007/2025-2026/137072,WS/MP18007/2025-2026/137079,1.0,1
WS/MP18007/2025-2026/137072,WS/MP18007/2025-2026/137080,1.0,1
WS/MP18007/2025-2026/137072,WS/MP18007/2025-2026/137081,1.0,1
WS/MP18007/2025-2026/137072,WS/MP18007/2025-2026/137082,1.0,1
WS/MP18007/2025-2026/137072,WS/MP18007/2025-2026/137083,1.0,1
WS/MP18007/2025-2026/137072,WS/MP18007/2025-2026/137084,1.0,1
WS/MP18007/2025-2026/137072,WS/MP18007/2025-2026/137085,1.0,1
WS/MP18007/2025-2026/137072,WS/MP18007/2025-2026/137086,1.0,1
WS/MP18007/2025-2026/137072,WS/MP18007/2025-2026/137087,1.0,1
WS/MP18007/2025-2026/137072,WS/MP18007/2025-2026/137088,1.0,1
WS/MP18007/2025-2026/137072,WS/MP18007/2025-2026/137089,1.0,1
WS/MP18007/2025-2026/137072,WS/MP18007/2025-2026/137090,1.0,1
WS/MP18007/2025-2026/137072,WS/MP18007/2025-2026/137091,1.0,1
WS/MP18007/2025-2026/137072,WS/MP18007/2025-2026/137092,1.0,1
WS/MP18007/2025-2026/137072,WS/MP18007/2025-2026/137093,1.0,1
WS/MP18007/2025-2026/137072,WS/MP18007/2025-2026/137094,1.0,1
WS/MP18007/2025-2026/137072,WS/MP18007/2025-2026/137095,1.0,1
WS/MP18007/2025-2026/137073,WS/MP18007/2025-2026/137074,1.0,1
WS/MP18007/2025-2026/137073,WS/MP18007/2025-2026/137075,1.0,1
WS/MP18007/2025-2026/137073,WS/MP18007/2025-2026/137076,1.0,1
WS/MP18007/2025-2026/137073,WS/MP18007/2025-2026/137077,1.0,1
WS/MP18007/2025-2026/137073,WS/MP18007/2025-2026/137078,1.0,1
WS/MP18007/2025-2026/137073,WS/MP18007/2025-2026/137079,1.0,1
WS/MP18007/2025-2026/137073,WS/MP18007/2025-2026/137080,1.0,1
WS/MP18007/2025-2026/137073,WS/MP18007/2025-2026/137081,1.0,1
WS/MP18007/2025-2026/137073,WS/MP18007/2025-2026/137082,1.0,1
WS/MP18007/2025-2026/137073,WS/MP18007/2025-2026/137083,1.0,1
WS/MP18007/2025-2026/137073,WS/MP18007/2025-2026/137084,1.0,1
WS/MP18007/2025-2026/137073,WS/MP18007/2025-2026/137085,1.0,1
WS/MP18007/2025-2026/137073,WS/MP18007/2025-2026/137086,1.0,1
WS/MP18007/2025-2026/137073,WS/MP18007/2025-2026/137087,1.0,1
WS/MP18007/2025-2026/137073,WS/MP18007/2025-2026/137088,1.0,1
WS/MP18007/2025-2026/137073,WS/MP18007/2025-2026/137089,1.0,1
WS/MP18007/2025-2026/137073,WS/MP18007/2025-2026/137090,1.0,1
WS/MP18007/2025-2026/137073,WS/MP18007/2025-2026/137091,1.0,1
WS/MP18007/2025-2026/137073,WS/MP18007/2025-2026/137092,1.0,1
WS/MP18007/2025-2026/137073,WS/MP18007/2025-2026/137093,1.0,1
WS/MP18007/2025-2026/137073,WS/MP18007/2025-2026/137094,1.0,1
WS/MP18007/2025-2026/137073,WS/MP18007/2025-2026/137095,1.0,1
WS/MP18007/2025-2026/137074,WS/MP18007/2025-2026/137075,1.0,1
WS/MP18007/2025-2026/137074,WS/MP18007/2025-2026/137076,1.0,1
WS/MP18007/2025-2026/137074,WS/MP18007/2025-2026/137077,1.0,1
WS/MP18007/2025-2026/137074,WS/MP18007/2025-2026/137078,1.0,1
WS/MP18007/2025-2026/137074,WS/MP18007/2025-2026/137079,1.0,1
WS/MP18007/2025-2026/137074,WS/MP18007/2025-2026/137080,1.0,1
WS/MP18007/2025-2026/137074,WS/MP18007/2025-2026/137081,1.0,1
WS/MP18007/2025-2026/137074,WS/MP18007/2025-2026/137082,1.0,1
WS/MP18007/2025-2026/137074,WS/MP18007/2025-2026/137083,1.0,1
WS/MP18007/2025-2026/137074,WS/MP18007/2025-2026/137084,1.0,1
WS/MP18007/2025-2026/137074,WS/MP18007/2025-2026/137085,1.0,1
WS/MP18007/2025-2026/137074,WS/MP18007/2025-2026/137086,1.0,1
WS/MP18007/2025-2026/137074,WS/MP18007/2025-2026/137087,1.0,1
WS/MP18007/2025-2026/137074,WS/MP18007/2025-2026/137088,1.0,1
WS/MP18007/2025-2026/137074,WS/MP18007/2025-2026/137089,1.0,1
WS/MP18007/2025-2026/137074,WS/MP18007/2025-2026/137090,1.0,1
WS/MP18007/2025-2026/137074,WS/MP18007/2025-2026/137091,1.0,1
WS/MP18007/2025-2026/137074,WS/MP18007/2025-2026/137092,1.0,1
WS/MP18007/2025-2026/137074,WS/MP18007/2025-2026/137093,1.0,1
WS/MP18007/2025-2026/137074,WS/MP18007/2025-2026/137094,1.0,1
WS/MP18007/2025-2026/137074,WS/MP18007/2025-2026/137095,1.0,1
WS/MP18007/2025-2026/137075,WS/MP18007/2025-2026/137076,1.0,1
WS/MP18007/2025-2026/137075,WS/MP18007/2025-2026/137077,1.0,1
WS/MP18007/2025-2026/137075,WS/MP18007/2025-2026/137078,1.0,1
WS/MP18007/2025-2026/137075,WS/MP18007/2025-2026/137079,1.0,1
WS/MP18007/2025-2026/137075,WS/MP18007/2025-2026/137080,1.0,1
WS/MP18007/2025-2026/137075,WS/MP18007/2025-2026/137081,1.0,1
WS/MP18007/2025-2026/137075,WS/MP18007/2025-2026/137082,1.0,1
WS/MP18007/2025-2026/137075,WS/MP18007/2025-2026/137083,1.0,1
WS/MP18007/2025-2026/137075,WS/MP18007/2025-2026/137084,1.0,1
WS/MP18007/2025-2026/137075,WS/MP18007/2025-2026/137085,1.0,1
WS/MP18007/2025-2026/137075,WS/MP18007/2025-2026/137086,1.0,1
WS/MP18007/2025-2026/137075,WS/MP18007/2025-2026/137087,1.0,1
WS/MP18007/2025-2026/137075,WS/MP18007/2025-2026/137088,1.0,1
WS/MP18007/2025-2026/137075,WS/MP18007/2025-2026/137089,1.0,1
WS/MP18007/2025-2026/137075,WS/MP18007/2025-2026/137090,1.0,1
WS/MP18007/2025-2026/137075,WS/MP18007/2025-2026/137091,1.0,1
WS/MP18007/2025-2026/137075,WS/MP18007/2025-2026/137092,1.0,1
WS/MP18007/2025-2026/137075,WS/MP18007/2025-2026/137093,1.0,1
WS/MP18007/2025-2026/137075,WS/MP18007/2025-2026/137094,1.0,1
WS/MP18007/2025-2026/137075,WS/MP18007/2025-2026/137095,1.0,1
WS/MP18007/2025-2026/137076,WS/MP18007/2025-2026/137077,1.0,1
WS/MP18007/2025-2026/137076,WS/MP18007/2025-2026/137078,1.0,1
WS/MP18007/2025-2026/137076,WS/MP18007/2025-2026/137079,1.0,1
WS/MP18007/2025-2026/137076,WS/MP18007/2025-2026/137080,1.0,1
WS/MP18007/2025-2026/137076,WS/MP18007/2025-2026/137081,1.0,1
WS/MP18007/2025-2026/137076,WS/MP18007/2025-2026/137082,1.0,1
WS/MP18007/2025-2026/137076,WS/MP18007/2025-2026/137083,1.0,1
WS/MP18007/2025-2026/137076,WS/MP18007/2025-2026/137084,1.0,1
WS/MP18007/2025-2026/137076,WS/MP18007/2025-2026/137085,1.0,1
WS/MP18007/2025-2026/137076,WS/MP18007/2025-2026/137086,1.0,1
WS/MP18007/2025-2026/137076,WS/MP18007/2025-2026/137087,1.0,1
WS/MP18007/2025-2026/137076,WS/MP18007/2025-2026/137088,1.0,1
WS/MP18007/2025-2026/137076,WS/MP18007/2025-2026/137089,1.0,1
WS/MP18007/2025-2026/137076,WS/MP18007/2025-2026/137090,1.0,1
WS/MP18007/2025-2026/137076,WS/MP18007/2025-2026/137091,1.0,1
WS/MP18007/2025-2026/137076,WS/MP18007/2025-2026/137092,1.0,1
WS/MP18007/2025-2026/137076,WS/MP18007/2025-2026/137093,1.0,1
WS/MP18007/2025-2026/137076,WS/MP18007/2025-2026/137094,1.0,1
WS/MP18007/2025-2026/137076,WS/MP18007/2025-2026/137095,1.0,1
WS/MP18007/2025-2026/137077,WS/MP18007/2025-2026/137078,1.0,1
WS/MP18007/2025-2026/137077,WS/MP18007/2025-2026/137079,1.0,1
WS/MP18007/2025-2026/137077,WS/MP18007/2025-2026/137080,1.0,1
WS/MP18007/2025-2026/137077,WS/MP18007/2025-2026/137081,1.0,1
WS/MP18007/2025-2026/137077,WS/MP18007/2025-2026/137082,1.0,1
WS/MP18007/2025-2026/137077,WS/MP18007/2025-2026/137083,1.0,1
WS/MP18007/2025-2026/137077,WS/MP18007/2025-2026/137084,1.0,1
WS/MP18007/2025-2026/137077,WS/MP18007/2025-2026/137085,1.0,1
WS/MP18007/2025-2026/137077,WS/MP18007/2025-2026/137086,1.0,1
WS/MP18007/2025-2026/137077,WS/MP18007/2025-2026/137087,1.0,1
WS/MP18007/2025-2026/137077,WS/MP18007/2025-2026/137088,1.0,1
WS/MP18007/2025-2026/137077,WS/MP18007/2025-2026/137089,1.0,1
WS/MP18007/2025-2026/137077,WS/MP18007/2025-2026/137090,1.0,1
WS/MP18007/2025-2026/137077,WS/MP18007/2025-2026/137091,1.0,1
WS/MP18007/2025-2026/137077,WS/MP18007/2025-2026/137092,1.0,1
WS/MP18007/2025-2026/137077,WS/MP18007/2025-2026/137093,1.0,1
WS/MP18007/2025-2026/137077,WS/MP18007/2025-2026/137094,1.0,1
WS/MP18007/2025-2026/137077,WS/MP18007/2025-2026/137095,1.0,1
WS/MP18007/2025-2026/137078,WS/MP18007/2025-2026/137079,1.0,1
WS/MP18007/2025-2026/137078,WS/MP18007/2025-2026/137080,1.0,1
WS/MP18007/2025-2026/137078,WS/MP18007/2025-2026/137081,1.0,1
WS/MP18007/2025-2026/137078,WS/MP18007/2025-2026/137082,1.0,1
WS/MP18007/2025-2026/137078,WS/MP18007/2025-2026/137083,1.0,1
WS/MP18007/2025-2026/137078,WS/MP18007/2025-2026/137084,1.0,1
WS/MP18007/2025-2026/137078,WS/MP18007/2025-2026/137085,1.0,1
WS/MP18007/2025-2026/137078,WS/MP18007/2025-2026/137086,1.0,1
WS/MP18007/2025-2026/137078,WS/MP18007/2025-2026/137087,1.0,1
WS/MP18007/2025-2026/137078,WS/MP18007/2025-2026/137088,1.0,1
WS/MP18007/2025-2026/137078,WS/MP18007/2025-2026/137089,1.0,1
WS/MP18007/2025-2026/137078,WS/MP18007/2025-2026/137090,1.0,1
WS/MP18007/2025-2026/137078,WS/MP18007/2025-2026/137091,1.0,1
WS/MP18007/2025-2026/137078,WS/MP18007/2025-2026/137092,1.0,1
WS/MP18007/2025-2026/137078,WS/MP18007/2025-2026/137093,1.0,1
WS/MP18007/2025-2026/137078,WS/MP18007/2025-2026/137094,1.0,1
WS/MP18007/2025-2026/137078,WS/MP18007/2025-2026/137095,1.0,1
WS/MP18007/2025-2026/137079,WS/MP18007/2025-2026/137080,1.0,1
WS/MP18007/2025-2026/137079,WS/MP18007/2025-2026/137081,1.0,1
WS/MP18007/2025-2026/137079,WS/MP18007/2025-2026/137082,1.0,1
WS/MP18007/2025-2026/137079,WS/MP18007/2025-2026/137083,1.0,1
WS/MP18007/2025-2026/137079,WS/MP18007/2025-2026/137084,1.0,1
WS/MP18007/2025-2026/137079,WS/MP18007/2025-2026/137085,1.0,1
WS/MP18007/2025-2026/137079,WS/MP18007/2025-2026/137086,1.0,1
WS/MP18007/2025-2026/137079,WS/MP18007/2025-2026/137087,1.0,1
WS/MP18007/2025-2026/137079,WS/MP18007/2025-2026/137088,1.0,1
WS/MP18007/2025-2026/137079,WS/MP18007/2025-2026/137089,1.0,1
WS/MP18007/2025-2026/137079,WS/MP18007/2025-2026/137090,1.0,1
WS/MP18007/2025-2026/137079,WS/MP18007/2025-2026/137091,1.0,1
WS/MP18007/2025-2026/137079,WS/MP18007/2025-2026/137092,1.0,1
WS/MP18007/2025-2026/137079,WS/MP18007/2025-2026/137093,1.0,1
WS/MP18007/2025-2026/137079,WS/MP18007/2025-2026/137094,1.0,1
WS/MP18007/2025-2026/137079,WS/MP18007/2025-2026/137095,1.0,1
WS/MP18007/2025-2026/137080,WS/MP18007/2025-2026/137081,1.0,1
WS/MP18007/2025-2026/137080,WS/MP18007/2025-2026/137082,1.0,1
WS/MP18007/2025-2026/137080,WS/MP18007/2025-2026/137083,1.0,1
WS/MP18007/2025-2026/137080,WS/MP18007/2025-2026/137084,1.0,1
WS/MP18007/2025-2026/137080,WS/MP18007/2025-2026/137085,1.0,1
WS/MP18007/2025-2026/137080,WS/MP18007/2025-2026/137086,1.0,1
WS/MP18007/2025-2026/137080,WS/MP18007/2025-2026/137087,1.0,1
WS/MP18007/2025-2026/137080,WS/MP18007/2025-2026/137088,1.0,1
WS/MP18007/2025-2026/137080,WS/MP18007/2025-2026/137089,1.0,1
WS/MP18007/2025-2026/137080,WS/MP18007/2025-2026/137090,1.0,1
WS/MP18007/2025-2026/137080,WS/MP18007/2025-2026/137091,1.0,1
WS/MP18007/2025-2026/137080,WS/MP18007/2025-2026/137092,1.0,1
WS/MP18007/2025-2026/137080,WS/MP18007/2025-2026/137093,1.0,1
WS/MP18007/2025-2026/137080,WS/MP18007/2025-2026/137094,1.0,1
WS/MP18007/2025-2026/137080,WS/MP18007/2025-2026/137095,1.0,1
WS/MP18007/2025-2026/137081,WS/MP18007/2025-2026/137082,1.0,1
WS/MP18007/2025-2026/137081,WS/MP18007/2025-2026/137083,1.0,1
WS/MP18007/2025-2026/137081,WS/MP18007/2025-2026/137084,1.0,1
WS/MP18007/2025-2026/137081,WS/MP18007/2025-2026/137085,1.0,1
WS/MP18007/2025-2026/137081,WS/MP18007/2025-2026/137086,1.0,1
WS/MP18007/2025-2026/137081,WS/MP18007/2025-2026/137087,1.0,1
WS/MP18007/2025-2026/137081,WS/MP18007/2025-2026/137088,1.0,1
WS/MP18007/2025-2026/137081,WS/MP18007/2025-2026/137089,1.0,1
WS/MP18007/2025-2026/137081,WS/MP18007/2025-2026/137090,1.0,1
WS/MP18007/2025-2026/137081,WS/MP18007/2025-2026/137091,1.0,1
WS/MP18007/2025-2026/137081,WS/MP18007/2025-2026/137092,1.0,1
WS/MP18007/2025-2026/137081,WS/MP18007/2025-2026/137093,1.0,1
WS/MP18007/2025-2026/137081,WS/MP18007/2025-2026/137094,1.0,1
WS/MP18007/2025-2026/137081,WS/MP18007/2025-2026/137095,1.0,1
WS/MP18007/2025-2026/137082,WS/MP18007/2025-2026/137083,1.0,1
WS/MP18007/2025-2026/137082,WS/MP18007/2025-2026/137084,1.0,1
WS/MP18007/2025-2026/137082,WS/MP18007/2025-2026/137085,1.0,1
WS/MP18007/2025-2026/137082,WS/MP18007/2025-2026/137086,1.0,1
WS/MP18007/2025-2026/137082,WS/MP18007/2025-2026/137087,1.0,1
WS/MP18007/2025-2026/137082,WS/MP18007/2025-2026/137088,1.0,1
WS/MP18007/2025-2026/137082,WS/MP18007/2025-2026/137089,1.0,1
WS/MP18007/2025-2026/137082,WS/MP18007/2025-2026/137090,1.0,1
WS/MP18007/2025-2026/137082,WS/MP18007/2025-2026/137091,1.0,1
WS/MP18007/2025-2026/137082,WS/MP18007/2025-2026/137092,1.0,1
WS/MP18007/2025-2026/137082,WS/MP18007/2025-2026/137093,1.0,1
WS/MP18007/2025-2026/137082,WS/MP18007/2025-2026/137094,1.0,1
WS/MP18007/2025-2026/137082,WS/MP18007/2025-2026/137095,1.0,1
WS/MP18007/2025-2026/137083,WS/MP18007/2025-2026/137084,1.0,1
WS/MP18007/2025-2026/137083,WS/MP18007/2025-2026/137085,1.0,1
WS/MP18007/2025-2026/137083,WS/MP18007/2025-2026/137086,1.0,1
WS/MP18007/2025-2026/137083,WS/MP18007/2025-2026/137087,1.0,1
WS/MP18007/2025-2026/137083,WS/MP18007/2025-2026/137088,1.0,1
WS/MP18007/2025-2026/137083,WS/MP18007/2025-2026/137089,1.0,1
WS/MP18007/2025-2026/137083,WS/MP18007/2025-2026/137090,1.0,1
WS/MP18007/2025-2026/137083,WS/MP18007/2025-2026/137091,1.0,1
WS/MP18007/2025-2026/137083,WS/MP18007/2025-2026/137092,1.0,1
WS/MP18007/2025-2026/137083,WS/MP18007/2025-2026/137093,1.0,1
WS/MP18007/2025-2026/137083,WS/MP18007/2025-2026/137094,1.0,1
WS/MP18007/2025-2026/137083,WS/MP18007/2025-2026/137095,1.0,1
WS/MP18007/2025-2026/137084,WS/MP18007/2025-2026/137085,1.0,1
WS/MP18007/2025-2026/137084,WS/MP18007/2025-2026/137086,1.0,1
WS/MP18007/2025-2026/137084,WS/MP18007/2025-2026/137087,1.0,1
WS/MP18007/2025-2026/137084,WS/MP18007/2025-2026/137088,1.0,1
WS/MP18007/2025-2026/137084,WS/MP18007/2025-2026/137089,1.0,1
WS/MP18007/2025-2026/137084,WS/MP18007/2025-2026/137090,1.0,1
WS/MP18007/2025-2026/137084,WS/MP18007/2025-2026/137091,1.0,1
WS/MP18007/2025-2026/137084,WS/MP18007/2025-2026/137092,1.0,1
WS/MP18007/2025-2026/137084,WS/MP18007/2025-2026/137093,1.0,1
WS/MP18007/2025-2026/137084,WS/MP18007/2025-2026/137094,1.0,1
WS/MP18007/2025-2026/137084,WS/MP18007/2025-2026/137095,1.0,1
WS/MP18007/2025-2026/137085,WS/MP18007/2025-2026/137086,1.0,1
WS/MP18007/2025-2026/137085,WS/MP18007/2025-2026/137087,1.0,1
WS/MP18007/2025-2026/137085,WS/MP18007/2025-2026/137088,1.0,1
WS/MP18007/2025-2026/137085,WS/MP18007/2025-2026/137089,1.0,1
WS/MP18007/2025-2026/137085,WS/MP18007/2025-2026/137090,1.0,1
WS/MP18007/2025-2026/137085,WS/MP18007/2025-2026/137091,1.0,1
WS/MP18007/2025-2026/137085,WS/MP18007/2025-2026/137092,1.0,1
WS/MP18007/2025-2026/137085,WS/MP18007/2025-2026/137093,1.0,1
WS/MP18007/2025-2026/137085,WS/MP18007/2025-2026/137094,1.0,1
WS/MP18007/2025-2026/137085,WS/MP18007/2025-2026/137095,1.0,1
WS/MP18007/2025-2026/137086,WS/MP18007/2025-2026/137087,1.0,1
WS/MP18007/2025-2026/137086,WS/MP18007/2025-2026/137088,1.0,1
WS/MP18007/2025-2026/137086,WS/MP18007/2025-2026/137089,1.0,1
WS/MP18007/2025-2026/137086,WS/MP18007/2025-2026/137090,1.0,1
WS/MP18007/2025-2026/137086,WS/MP18007/2025-2026/137091,1.0,1
WS/MP18007/2025-2026/137086,WS/MP18007/2025-2026/137092,1.0,1
WS/MP18007/2025-2026/137086,WS/MP18007/2025-2026/137093,1.0,1
WS/MP18007/2025-2026/137086,WS/MP18007/2025-2026/137094,1.0,1
WS/MP18007/2025-2026/137086,WS/MP18007/2025-2026/137095,1.0,1
WS/MP18007/2025-2026/137087,WS/MP18007/2025-2026/137088,1.0,1
WS/MP18007/2025-2026/137087,WS/MP18007/2025-2026/137089,1.0,1
WS/MP18007/2025-2026/137087,WS/MP18007/2025-2026/137090,1.0,1
WS/MP18007/2025-2026/137087,WS/MP18007/2025-2026/137091,1.0,1
WS/MP18007/2025-2026/137087,WS/MP18007/2025-2026/137092,1.0,1
WS/MP18007/2025-2026/137087,WS/MP18007/2025-2026/137093,1.0,1
WS/MP18007/2025-2026/137087,WS/MP18007/2025-2026/137094,1.0,1
WS/MP18007/2025-2026/137087,WS/MP18007/2025-2026/137095,1.0,1
WS/MP18007/2025-2026/137088,WS/MP18007/2025-2026/137089,1.0,1
WS/MP18007/2025-2026/137088,WS/MP18007/2025-2026/137090,1.0,1
WS/MP18007/2025-2026/137088,WS/MP18007/2025-2026/137091,1.0,1
WS/MP18007/2025-2026/137088,WS/MP18007/2025-2026/137092,1.0,1
WS/MP18007/2025-2026/137088,WS/MP18007/2025-2026/137093,1.0,1
WS/MP18007/2025-2026/137088,WS/MP18007/2025-2026/137094,1.0,1
WS/MP18007/2025-2026/137088,WS/MP18007/2025-2026/137095,1.0,1
WS/MP18007/2025-2026/137089,WS/MP18007/2025-2026/137090,1.0,1
WS/MP18007/2025-2026/137089,WS/MP18007/2025-2026/137091,1.0,1
WS/MP18007/2025-2026/137089,WS/MP18007/2025-2026/137092,1.0,1
WS/MP18007/2025-2026/137089,WS/MP18007/2025-2026/137093,1.0,1
WS/MP18007/2025-2026/137089,WS/MP18007/2025-2026/137094,1.0,1
WS/MP18007/2025-2026/137089,WS/MP18007/2025-2026/137095,1.0,1
WS/MP18007/2025-2026/137090,WS/MP18007/2025-2026/137091,1.0,1
WS/MP18007/2025-2026/137090,WS/MP18007/2025-2026/137092,1.0,1
WS/MP18007/2025-2026/137090,WS/MP18007/2025-2026/137093,1.0,1
WS/MP18007/2025-2026/137090,WS/MP18007/2025-2026/137094,1.0,1
WS/MP18007/2025-2026/137090,WS/MP18007/2025-2026/137095,1.0,1
WS/MP18007/2025-2026/137091,WS/MP18007/2025-2026/137092,1.0,1
WS/MP18007/2025-2026/137091,WS/MP18007/2025-2026/137093,1.0,1
WS/MP18007/2025-2026/137091,WS/MP18007/2025-2026/137094,1.0,1
WS/MP18007/2025-2026/137091,WS/MP18007/2025-2026/137095,1.0,1
WS/MP18007/2025-2026/137092,WS/MP18007/2025-2026/137093,1.0,1
WS/MP18007/2025-2026/137092,WS/MP18007/2025-2026/137094,1.0,1
WS/MP18007/2025-2026/137092,WS/MP18007/2025-2026/137095,1.0,1
WS/MP18007/2025-2026/137093,WS/MP18007/2025-2026/137094,1.0,1
WS/MP18007/2025-2026/137093,WS/MP18007/2025-2026/137095,1.0,1
WS/MP18007/2025-2026/137094,WS/MP18007/2025-2026/137095,1.0,1
