project_id,isolation_forest_flag,anomaly_score,anomaly_reason,zscore_flag,iqr_flag,similarity_score,duplicate_flag,ml_risk_score,ml_risk_level
WS/MP577/2025-2026/133549,0,0.202799643464388,Detected by Isolation Forest pattern analysis,0,0,0.0,0,0,Normal
WS/MP577/2025-2026/133551,0,0.1595705579332879,Detected by Isolation Forest pattern analysis,0,0,0.0,0,0,Normal
WS/MP577/2025-2026/133563,0,0.1445215363212829,Detected by Isolation Forest pattern analysis,0,0,0.0,0,0,Normal
WS/MP577/2025-2026/133565,0,0.202799643464388,Detected by Isolation Forest pattern analysis,0,0,0.0,0,0,Normal
WS/MP577/2025-2026/133567,0,0.1595705579332879,Detected by Isolation Forest pattern analysis,0,0,0.0,0,0,Normal
WS/MP577/2025-2026/133569,0,0.202799643464388,Detected by Isolation Forest pattern analysis,0,0,0.0,0,0,Normal
WS/MP577/2025-2026/133579,0,0.1599216563949307,Detected by Isolation Forest pattern analysis,0,0,0.0,0,0,Normal
WS/MP577/2024-2025/133584,0,0.2037457232003245,Detected by Isolation Forest pattern analysis,0,0,0.0,0,0,Normal
WS/MP577/2024-2025/133585,0,0.1832537446265548,Detected by Isolation Forest pattern analysis,0,0,0.0,0,0,Normal
WS/MP577/2024-2025/133588,0,0.1832537446265548,Detected by Isolation Forest pattern analysis,0,0,0.0,0,0,Normal
WS/MP577/2025-2026/133591,0,0.1173261247671622,Detected by Isolation Forest pattern analysis,0,0,0.0,0,0,Normal
WS/MP577/2024-2025/133597,0,0.2037457232003245,Detected by Isolation Forest pattern analysis,0,0,0.0,0,0,Normal
WS/MP577/2024-2025/133600,0,0.2037457232003245,Detected by Isolation Forest pattern analysis,0,0,0.0,0,0,Normal
WS/MP577/2024-2025/133601,0,0.2037457232003245,Detected by Isolation Forest pattern analysis,0,0,0.0,0,0,Normal
WS/MP577/2025-2026/133602,0,0.1618969129143019,Detected by Isolation Forest pattern analysis,0,0,0.0,0,0,Normal
WS/MP18067/2025-2026/134321,0,0.0241692097894737,Detected by Isolation Forest pattern analysis,0,0,0.0,0,0,Normal
WS/MP18065/2025-2026/134736,1,-0.0146691763930861,Detected by Isolation Forest pattern analysis,0,0,0.0,0,40,Medium
WS/MP18065/2024-2025/134739,0,0.0652740185557505,Detected by Isolation Forest pattern analysis,0,0,0.0,0,0,Normal
WS/MP18065/2025-2026/134740,0,0.0432047611609073,Detected by Isolation Forest pattern analysis,0,0,0.0,0,0,Normal
WS/MP345/2024-2025/135013,0,0.0718825771304939,Detected by Isolation Forest pattern analysis,0,0,0.0,0,0,Normal
WS/MP826/2024-2025/135523,0,0.1647558164770476,Detected by Isolation Forest pattern analysis,0,0,0.0,0,0,Normal
WS/MP826/2024-2025/135528,0,0.0750379213522826,Detected by Isolation Forest pattern analysis,0,0,0.0,0,0,Normal
WS/MP431/2024-2025/135540,0,0.189985333884944,Detected by Isolation Forest pattern analysis,0,0,0.0,0,0,Normal
WS/MP826/2025-2026/135686,0,0.1943627752402994,Detected by Isolation Forest pattern analysis,0,0,0.0,0,0,Normal
WS/MP826/2024-2025/135689,0,0.2039923691743182,Detected by Isolation Forest pattern analysis,0,0,0.0,0,0,Normal
WS/MP18065/2025-2026/135808,0,0.0579916817545761,Detected by Isolation Forest pattern analysis,0,0,0.0,0,0,Normal
WS/MP352/2025-2026/135862,1,-0.0342467049298071,Detected by Isolation Forest pattern analysis,0,0,0.0,0,40,Medium
WS/MP394/2024-2025/136033,0,0.1384794189331329,Project age unusually high,0,0,0.0,0,0,Normal
WS/MP394/2024-2025/136036,0,0.1384794189331329,Project age unusually high,0,0,0.0,0,0,Normal
WS/MP394/2024-2025/136037,0,0.1384794189331329,Project age unusually high,0,0,0.0,0,0,Normal
WS/MP394/2025-2026/136038,0,0.0568361113585385,Detected by Isolation Forest pattern analysis,0,0,0.0,0,0,Normal
WS/MP334/2024-2025/136572,0,0.2103994486559475,Detected by Isolation Forest pattern analysis,0,0,0.0,0,0,Normal
WS/MP334/2024-2025/136582,0,0.2099972843462385,Detected by Isolation Forest pattern analysis,0,0,0.0,0,0,Normal
WS/MP334/2024-2025/136583,0,0.2103994486559475,Detected by Isolation Forest pattern analysis,0,0,0.0,0,0,Normal
WS/MP334/2024-2025/136584,0,0.2103994486559475,Detected by Isolation Forest pattern analysis,0,0,0.0,0,0,Normal
WS/MP334/2024-2025/136587,0,0.2103994486559475,Detected by Isolation Forest pattern analysis,0,0,0.0,0,0,Normal
WS/MP334/2024-2025/136588,0,0.2103994486559475,Detected by Isolation Forest pattern analysis,0,0,0.0,0,0,Normal
WS/MP334/2024-2025/136589,0,0.2055585231370132,Detected by Isolation Forest pattern analysis,0,0,0.0,0,0,Normal
WS/MP334/2024-2025/136591,0,0.2099972843462385,Detected by Isolation Forest pattern analysis,0,0,0.0,0,0,Normal
WS/MP334/2024-2025/136598,0,0.2099972843462385,Detected by Isolation Forest pattern analysis,0,0,0.0,0,0,Normal
WS/MP334/2024-2025/136599,0,0.2099972843462385,Detected by Isolation Forest pattern analysis,0,0,0.0,0,0,Normal
WS/MP334/2024-2025/136600,0,0.2099972843462385,Detected by Isolation Forest pattern analysis,0,0,0.0,0,0,Normal
WS/MP334/2024-2025/136611,0,0.2099972843462385,Detected by Isolation Forest pattern analysis,0,0,0.0,0,0,Normal
WS/MP334/2024-2025/136612,0,0.2099972843462385,Detected by Isolation Forest pattern analysis,0,0,0.0,0,0,Normal
WS/MP334/2024-2025/136613,0,0.2099972843462385,Detected by Isolation Forest pattern analysis,0,0,0.0,0,0,Normal
WS/MP334/2024-2025/136616,0,0.2032440442876898,Detected by Isolation Forest pattern analysis,0,0,0.0,0,0,Normal
WS/MP334/2024-2025/136620,0,0.2032440442876898,Detected by Isolation Forest pattern analysis,0,0,0.0,0,0,Normal
WS/MP334/2024-2025/136622,0,0.2032440442876898,Detected by Isolation Forest pattern analysis,0,0,0.0,0,0,Normal
WS/MP334/2024-2025/136625,0,0.2032440442876898,Detected by Isolation Forest pattern analysis,0,0,0.0,0,0,Normal
WS/MP334/2024-2025/136642,0,0.2032440442876898,Detected by Isolation Forest pattern analysis,0,0,0.0,0,0,Normal
WS/MP18159/2024-2025/136714,0,0.0582539013708952,Detected by Isolation Forest pattern analysis,0,0,0.0,0,0,Normal
WS/MP341/2025-2026/136725,0,0.2158478762820509,Detected by Isolation Forest pattern analysis,0,0,0.0,0,0,Normal
WS/MP18112/2024-2025/136983,0,0.1988597194463091,Detected by Isolation Forest pattern analysis,0,0,0.0,0,0,Normal
WS/MP18112/2024-2025/136984,0,0.080747985083416,Detected by Isolation Forest pattern analysis,0,0,0.0,0,0,Normal
WS/MP582/2025-2026/137346,0,0.1873940230711432,Detected by Isolation Forest pattern analysis,0,0,0.0,0,0,Normal
WS/MP858/2025-2026/137402,0,0.1447043544067179,Detected by Isolation Forest pattern analysis,0,0,0.0,0,0,Normal
WS/MP18019/2024-2025/137592,0,0.0599062362114987,Detected by Isolation Forest pattern analysis,0,0,0.0,0,0,Normal
WS/MP18019/2024-2025/137606,0,0.0618464644570816,Detected by Isolation Forest pattern analysis,0,0,0.0,0,0,Normal
WS/MP18019/2024-2025/137607,0,0.0618464644570816,Detected by Isolation Forest pattern analysis,0,0,0.0,0,0,Normal
WS/MP18152/2024-2025/137615,1,-0.0214155025793157,Unusually high number of payments,0,0,1.0,1,55,High
WS/MP18327/2025-2026/137670,0,0.1323598483167321,Detected by Isolation Forest pattern analysis,0,0,0.0,0,0,Normal
WS/MP18019/2024-2025/137729,0,0.0546813607292285,Detected by Isolation Forest pattern analysis,0,0,0.0,0,0,Normal
WS/MP18173/2024-2025/137922,0,0.2051678173389427,Detected by Isolation Forest pattern analysis,0,0,0.0,0,0,Normal
WS/MP18161/2024-2025/138069,0,0.0362675728952718,Detected by Isolation Forest pattern analysis,0,0,0.0,0,0,Normal
WS/MP18161/2024-2025/138100,0,0.069178052851208,Detected by Isolation Forest pattern analysis,0,0,0.0,0,0,Normal
WS/MP18161/2024-2025/138107,1,-0.0171892377520727,Unusually high number of payments,0,0,0.0,0,40,Medium
WS/MP345/2024-2025/138116,0,0.1029967196334169,Detected by Isolation Forest pattern analysis,0,0,0.0,0,0,Normal
WS/MP18328/2024-2025/138241,0,0.0235177956295334,Detected by Isolation Forest pattern analysis,0,0,0.0,0,0,Normal
WS/MP745/2026-2027/138567,0,0.092186903871779,Detected by Isolation Forest pattern analysis,0,0,0.0,0,0,Normal
WS/MP18353/2024-2025/138633,0,0.2099689364867054,Detected by Isolation Forest pattern analysis,0,0,0.0,0,0,Normal
WS/MP18353/2024-2025/138635,0,0.0576232881371646,Detected by Isolation Forest pattern analysis,0,0,0.0,0,0,Normal
WS/MP18353/2025-2026/138637,0,0.1564536516053873,Detected by Isolation Forest pattern analysis,0,0,0.0,0,0,Normal
WS/MP18353/2024-2025/138653,0,0.1989407423462366,Detected by Isolation Forest pattern analysis,0,0,0.0,0,0,Normal
WS/MP479/2024-2025/138670,0,0.1837502431162117,Detected by Isolation Forest pattern analysis,0,0,0.0,0,0,Normal
WS/MP577/2024-2025/138732,0,0.20686408650315,Detected by Isolation Forest pattern analysis,0,0,0.0,0,0,Normal
WS/MP479/2024-2025/138772,0,0.1988597194463091,Detected by Isolation Forest pattern analysis,0,1,0.0,0,20,Medium
WS/MP423/2024-2025/138922,0,0.0580077493089509,Detected by Isolation Forest pattern analysis,0,0,0.0,0,0,Normal
WS/MP347/2024-2025/138962,0,0.0606204328614914,Detected by Isolation Forest pattern analysis,0,0,0.0,0,0,Normal
WS/MP761/2024-2025/139053,0,0.0331420133418371,Detected by Isolation Forest pattern analysis,0,0,0.0,0,0,Normal
WS/MP18095/2025-2026/139279,0,0.0343909633975455,Detected by Isolation Forest pattern analysis,0,0,0.0,0,0,Normal
WS/MP829/2024-2025/139363,0,0.0860179485420453,Detected by Isolation Forest pattern analysis,0,0,0.0,0,0,Normal
WS/MP18019/2026-2027/139500,1,-0.0114967471435255,Detected by Isolation Forest pattern analysis,1,1,0.0,0,85,Critical
WS/MP823/2024-2025/139549,0,0.077603799576866,Detected by Isolation Forest pattern analysis,0,0,0.0,0,0,Normal
WS/MP823/2024-2025/139556,0,0.2072409740233106,Detected by Isolation Forest pattern analysis,0,1,0.0,0,20,Medium
WS/MP18176/2024-2025/139719,0,0.2039923691743182,Detected by Isolation Forest pattern analysis,0,0,0.0,0,0,Normal
WS/MP18253/2024-2025/139952,0,0.1975675305082453,Detected by Isolation Forest pattern analysis,0,0,0.0,0,0,Normal
WS/MP18152/2024-2025/140034,0,0.063304113477398,Detected by Isolation Forest pattern analysis,0,0,0.0,0,0,Normal
WS/MP719/2024-2025/140136,1,-0.0608207194228744,Unusually high number of payments,0,0,0.0,0,40,Medium
WS/MP405/2025-2026/140142,0,0.1405462783122112,Detected by Isolation Forest pattern analysis,0,0,0.0,0,0,Normal
WS/MP405/2025-2026/140144,0,0.1565572267239637,Detected by Isolation Forest pattern analysis,0,0,0.0,0,0,Normal
WS/MP405/2024-2025/140145,0,0.0177746144186814,Detected by Isolation Forest pattern analysis,0,0,0.0,0,0,Normal
WS/MP719/2024-2025/140154,1,-0.0727809237576598,Unusually high number of payments,0,0,0.0,0,40,Medium
WS/MP719/2024-2025/140155,1,-0.0326610051723774,Unusually high number of payments,0,0,0.0,0,40,Medium
WS/MP18161/2024-2025/140180,1,-0.1269497826220905,Unusually high number of payments,0,0,0.0,0,40,Medium
WS/MP740/2026-2027/140334,0,0.1111941646074215,Detected by Isolation Forest pattern analysis,0,0,0.0,0,0,Normal
WS/MP740/2025-2026/140338,0,0.1635000478337796,Detected by Isolation Forest pattern analysis,0,0,0.0,0,0,Normal
WS/MP740/2026-2027/140339,0,0.074416877634402,Detected by Isolation Forest pattern analysis,0,0,0.0,0,0,Normal
WS/MP18313/2024-2025/140373,0,0.1034601186509883,Detected by Isolation Forest pattern analysis,0,0,0.0,0,0,Normal
WS/MP858/2025-2026/140488,0,0.1850344715585092,Detected by Isolation Forest pattern analysis,0,0,0.0,0,0,Normal
WS/MP858/2025-2026/140494,0,0.1244834255952689,Detected by Isolation Forest pattern analysis,0,0,0.0,0,0,Normal
WS/MP356/2025-2026/140605,0,0.1628576547542235,Detected by Isolation Forest pattern analysis,0,0,0.0,0,0,Normal
WS/MP18221/2025-2026/140832,0,0.1474926278625529,Detected by Isolation Forest pattern analysis,0,0,1.0,1,15,Low
WS/MP18221/2025-2026/140912,0,0.1474926278625529,Detected by Isolation Forest pattern analysis,0,0,1.0,1,15,Low
WS/MP18221/2025-2026/140913,0,0.1474926278625529,Detected by Isolation Forest pattern analysis,0,0,1.0,1,15,Low
WS/MP18221/2025-2026/140916,0,0.1474926278625529,Detected by Isolation Forest pattern analysis,0,0,1.0,1,15,Low
WS/MP18221/2025-2026/140924,0,0.1474926278625529,Detected by Isolation Forest pattern analysis,0,0,1.0,1,15,Low
WS/MP18221/2025-2026/140936,0,0.167703294032438,Detected by Isolation Forest pattern analysis,0,0,1.0,1,15,Low
WS/MP18221/2025-2026/140939,0,0.167703294032438,Detected by Isolation Forest pattern analysis,0,0,1.0,1,15,Low
WS/MP18221/2025-2026/140940,0,0.167703294032438,Detected by Isolation Forest pattern analysis,0,0,1.0,1,15,Low
WS/MP18221/2025-2026/140941,0,0.167703294032438,Detected by Isolation Forest pattern analysis,0,0,1.0,1,15,Low
WS/MP18221/2025-2026/140942,0,0.167703294032438,Detected by Isolation Forest pattern analysis,0,0,1.0,1,15,Low
WS/MP18221/2025-2026/140943,0,0.167703294032438,Detected by Isolation Forest pattern analysis,0,0,1.0,1,15,Low
WS/MP18221/2025-2026/140945,0,0.167703294032438,Detected by Isolation Forest pattern analysis,0,0,1.0,1,15,Low
WS/MP18221/2025-2026/140948,0,0.167703294032438,Detected by Isolation Forest pattern analysis,0,0,1.0,1,15,Low
WS/MP18221/2025-2026/140949,0,0.167703294032438,Detected by Isolation Forest pattern analysis,0,0,1.0,1,15,Low
WS/MP18221/2025-2026/140950,0,0.167703294032438,Detected by Isolation Forest pattern analysis,0,0,1.0,1,15,Low
WS/MP18221/2025-2026/140951,0,0.167703294032438,Detected by Isolation Forest pattern analysis,0,0,1.0,1,15,Low
WS/MP18221/2025-2026/140952,0,0.167703294032438,Detected by Isolation Forest pattern analysis,0,0,1.0,1,15,Low
WS/MP18221/2025-2026/140954,0,0.167703294032438,Detected by Isolation Forest pattern analysis,0,0,1.0,1,15,Low
WS/MP18221/2025-2026/140955,0,0.167703294032438,Detected by Isolation Forest pattern analysis,0,0,1.0,1,15,Low
WS/MP18221/2025-2026/140960,0,0.167703294032438,Detected by Isolation Forest pattern analysis,0,0,1.0,1,15,Low
WS/MP18221/2025-2026/140962,0,0.167703294032438,Detected by Isolation Forest pattern analysis,0,0,1.0,1,15,Low
WS/MP18221/2025-2026/140963,0,0.167703294032438,Detected by Isolation Forest pattern analysis,0,0,1.0,1,15,Low
WS/MP18311/2024-2025/141027,0,0.010565521084066,Project age unusually high,0,0,0.0,0,0,Normal
WS/MP18161/2024-2025/141088,1,-0.0810945426423072,Unusually high number of payments,0,0,0.0,0,40,Medium
WS/MP18152/2024-2025/141161,0,0.0628430433136062,Unusually high number of payments,0,0,0.0,0,0,Normal
WS/MP18006/2024-2025/141549,0,0.0799161172324177,Detected by Isolation Forest pattern analysis,0,0,0.0,0,0,Normal
WS/MP18155/2024-2025/141574,1,-0.0192612842985852,Unusually high number of payments,0,0,1.0,1,55,High
WS/MP18144/2024-2025/141587,0,0.1908610561780563,Detected by Isolation Forest pattern analysis,0,0,0.0,0,0,Normal
WS/MP18056/2024-2025/141634,0,0.2065934950268688,Detected by Isolation Forest pattern analysis,0,0,0.0,0,0,Normal
WS/MP18056/2024-2025/141637,0,0.2100778602387956,Detected by Isolation Forest pattern analysis,0,0,0.0,0,0,Normal
WS/MP422/2025-2026/141663,0,0.1659045819854352,Detected by Isolation Forest pattern analysis,0,0,1.0,1,15,Low
WS/MP18155/2024-2025/141701,0,0.0447667382606795,Project age unusually high; Unusually high number of payments,0,0,1.0,1,15,Low
WS/MP18155/2024-2025/141704,1,-0.020831274690798,Project age unusually high,0,0,1.0,1,55,High
WS/MP18155/2024-2025/141775,1,-0.0186077027198442,Project age unusually high,0,0,0.0,0,40,Medium
WS/MP351/2025-2026/141849,0,0.0636169779030205,Detected by Isolation Forest pattern analysis,0,0,0.0,0,0,Normal
WS/MP18278/2025-2026/141850,1,-0.0005013112255343,Detected by Isolation Forest pattern analysis,0,0,0.0,0,40,Medium
WS/MP351/2025-2026/141853,0,0.0486022411931703,Detected by Isolation Forest pattern analysis,0,0,0.0,0,0,Normal
WS/MP351/2025-2026/141857,0,0.0763733037806426,Detected by Isolation Forest pattern analysis,0,0,0.0,0,0,Normal
WS/MP351/2025-2026/141865,0,0.0994747444479593,Detected by Isolation Forest pattern analysis,0,0,0.0,0,0,Normal
WS/MP18152/2024-2025/141888,0,0.0424914851677227,Detected by Isolation Forest pattern analysis,0,0,0.0,0,0,Normal
WS/MP582/2025-2026/141896,0,0.1873940230711432,Detected by Isolation Forest pattern analysis,0,0,0.0,0,0,Normal
WS/MP582/2025-2026/141913,0,0.1873940230711432,Detected by Isolation Forest pattern analysis,0,0,0.0,0,0,Normal
WS/MP632/2025-2026/142067,0,0.1939230335909026,Detected by Isolation Forest pattern analysis,0,0,0.0,0,0,Normal
WS/MP632/2024-2025/142075,0,0.2009584556883087,Detected by Isolation Forest pattern analysis,0,0,0.0,0,0,Normal
WS/MP743/2024-2025/142090,0,0.2037457232003245,Detected by Isolation Forest pattern analysis,0,0,0.0,0,0,Normal
WS/MP429/2024-2025/142113,0,0.0999452857536523,Detected by Isolation Forest pattern analysis,0,0,0.0,0,0,Normal
WS/MP727/2024-2025/142175,0,0.0736586187766999,Detected by Isolation Forest pattern analysis,0,0,0.0,0,0,Normal
WS/MP386/2024-2025/142507,0,0.0679124369720945,Detected by Isolation Forest pattern analysis,0,0,0.0,0,0,Normal
WS/MP18219/2025-2026/142650,0,0.0299050230537901,Detected by Isolation Forest pattern analysis,0,0,0.0,0,0,Normal
WS/MP716/2024-2025/142660,1,-0.0362387496172246,Unusually high number of payments,0,0,0.0,0,40,Medium
WS/MP716/2024-2025/142661,0,0.1908027069360851,Detected by Isolation Forest pattern analysis,0,0,0.0,0,0,Normal
WS/MP18311/2024-2025/142721,0,0.0484553575298445,Detected by Isolation Forest pattern analysis,0,0,0.0,0,0,Normal
WS/MP18311/2024-2025/142735,0,0.0349152653099963,Detected by Isolation Forest pattern analysis,0,0,0.0,0,0,Normal
WS/MP743/2025-2026/142807,0,0.1604217260247831,Detected by Isolation Forest pattern analysis,0,0,0.0,0,0,Normal
WS/MP18380/2024-2025/143214,0,0.1375766245093561,Detected by Isolation Forest pattern analysis,0,0,0.0,0,0,Normal
WS/MP18380/2024-2025/143216,0,0.1375766245093561,Detected by Isolation Forest pattern analysis,0,0,0.0,0,0,Normal
WS/MP350/2025-2026/143224,0,0.0302946960822302,Detected by Isolation Forest pattern analysis,0,0,0.0,0,0,Normal
WS/MP18380/2024-2025/143294,0,0.1399211327914499,Detected by Isolation Forest pattern analysis,0,0,0.0,0,0,Normal
WS/MP18219/2025-2026/143331,0,0.0858385097049673,Detected by Isolation Forest pattern analysis,0,0,0.0,0,0,Normal
WS/MP18219/2025-2026/143332,0,0.0858385097049673,Detected by Isolation Forest pattern analysis,0,0,0.0,0,0,Normal
WS/MP18219/2025-2026/143333,0,0.0858385097049673,Detected by Isolation Forest pattern analysis,0,0,0.0,0,0,Normal
WS/MP18219/2025-2026/143334,0,0.0858385097049673,Detected by Isolation Forest pattern analysis,0,0,0.0,0,0,Normal
WS/MP18219/2025-2026/143335,0,0.0858385097049673,Detected by Isolation Forest pattern analysis,0,0,0.0,0,0,Normal
WS/MP18219/2025-2026/143336,0,0.0987318353954757,Detected by Isolation Forest pattern analysis,0,0,0.0,0,0,Normal
WS/MP18219/2025-2026/143337,0,0.0987318353954757,Detected by Isolation Forest pattern analysis,0,0,0.0,0,0,Normal
WS/MP18219/2025-2026/143338,0,0.0987318353954757,Detected by Isolation Forest pattern analysis,0,0,0.0,0,0,Normal
WS/MP18219/2025-2026/143341,0,0.0987318353954757,Detected by Isolation Forest pattern analysis,0,0,0.0,0,0,Normal
WS/MP18219/2025-2026/143342,0,0.0858385097049673,Detected by Isolation Forest pattern analysis,0,0,0.0,0,0,Normal
WS/MP18307/2025-2026/143600,0,0.1364126600867835,Detected by Isolation Forest pattern analysis,0,0,0.0,0,0,Normal
WS/MP18307/2025-2026/143603,0,0.15878893170675,Detected by Isolation Forest pattern analysis,0,1,0.0,0,20,Medium
WS/MP18307/2025-2026/143606,0,0.1590918561571144,Detected by Isolation Forest pattern analysis,0,1,0.0,0,20,Medium
WS/MP18307/2025-2026/143607,0,0.1360943860106333,Detected by Isolation Forest pattern analysis,0,1,0.0,0,20,Medium
WS/MP18307/2025-2026/143608,0,0.1590918561571144,Detected by Isolation Forest pattern analysis,0,1,0.0,0,20,Medium
WS/MP18307/2025-2026/143610,0,0.1578789276571823,Detected by Isolation Forest pattern analysis,0,0,0.0,0,0,Normal
WS/MP18307/2025-2026/143611,0,0.1026180177338391,Detected by Isolation Forest pattern analysis,0,0,0.0,0,0,Normal
WS/MP18307/2025-2026/143612,0,0.0842360831028338,Detected by Isolation Forest pattern analysis,0,0,0.0,0,0,Normal
WS/MP18307/2025-2026/143613,0,0.1578789276571823,Detected by Isolation Forest pattern analysis,0,0,0.0,0,0,Normal
WS/MP18311/2024-2025/143656,1,-0.02619619538909,Unusually high number of payments,0,0,0.0,0,40,Medium
WS/MP18219/2025-2026/143773,0,0.0858385097049673,Detected by Isolation Forest pattern analysis,0,0,0.0,0,0,Normal
WS/MP18219/2025-2026/143774,0,0.0858385097049673,Detected by Isolation Forest pattern analysis,0,0,0.0,0,0,Normal
WS/MP18219/2025-2026/143775,0,0.0858385097049673,Detected by Isolation Forest pattern analysis,0,0,0.0,0,0,Normal
WS/MP18219/2025-2026/143776,0,0.0987318353954757,Detected by Isolation Forest pattern analysis,0,0,0.0,0,0,Normal
WS/MP345/2024-2025/143793,0,0.060268602707511,Detected by Isolation Forest pattern analysis,0,0,0.0,0,0,Normal
WS/MP18183/2024-2025/143806,0,0.1326138404339403,Project age unusually high,0,0,0.0,0,0,Normal
WS/MP18023/2025-2026/143872,0,0.0706785502418434,Detected by Isolation Forest pattern analysis,0,0,0.0,0,0,Normal
WS/MP429/2025-2026/143881,0,0.0876932521324579,Detected by Isolation Forest pattern analysis,0,0,0.0,0,0,Normal
WS/MP429/2024-2025/143882,0,0.0999452857536523,Detected by Isolation Forest pattern analysis,0,0,0.0,0,0,Normal
WS/MP429/2024-2025/143883,0,0.0999452857536523,Detected by Isolation Forest pattern analysis,0,0,0.0,0,0,Normal
WS/MP429/2025-2026/143884,0,0.0876932521324579,Detected by Isolation Forest pattern analysis,0,0,0.0,0,0,Normal
WS/MP18232/2024-2025/143897,0,0.095900679842566,Detected by Isolation Forest pattern analysis,0,0,0.0,0,0,Normal
WS/MP18232/2024-2025/143918,0,0.0710311306793342,Detected by Isolation Forest pattern analysis,0,0,0.0,0,0,Normal
WS/MP353/2024-2025/143934,0,0.0772135184667774,Detected by Isolation Forest pattern analysis,0,0,0.0,0,0,Normal
WS/MP353/2024-2025/143936,0,0.1985922056376941,Detected by Isolation Forest pattern analysis,0,0,0.0,0,0,Normal
WS/MP681/2025-2026/143978,0,0.1654851304998433,Detected by Isolation Forest pattern analysis,0,0,0.0,0,0,Normal
WS/MP18380/2024-2025/144027,0,0.1386926697090401,Detected by Isolation Forest pattern analysis,0,0,0.0,0,0,Normal
WS/MP18380/2024-2025/144058,0,0.1386926697090401,Detected by Isolation Forest pattern analysis,0,0,0.0,0,0,Normal
WS/MP18380/2024-2025/144078,0,0.1386926697090401,Detected by Isolation Forest pattern analysis,0,0,0.0,0,0,Normal
WS/MP18112/2025-2026/144100,0,0.1261792834307237,Detected by Isolation Forest pattern analysis,0,0,0.0,0,0,Normal
WS/MP18323/2026-2027/144111,0,0.1138687509816576,Detected by Isolation Forest pattern analysis,0,0,0.0,0,0,Normal
WS/MP18323/2026-2027/144117,0,0.0611691106247801,Detected by Isolation Forest pattern analysis,0,0,0.0,0,0,Normal
WS/MP18323/2026-2027/144120,0,0.1138687509816576,Detected by Isolation Forest pattern analysis,0,1,0.0,0,20,Medium
WS/MP353/2024-2025/144281,0,0.0303524625360561,Detected by Isolation Forest pattern analysis,0,0,0.0,0,0,Normal
WS/MP18225/2024-2025/144315,0,0.1038310232211288,Detected by Isolation Forest pattern analysis,0,0,0.0,0,0,Normal
WS/MP18172/2025-2026/144452,1,-0.11651955876586,Unusually high number of payments,0,0,0.0,0,40,Medium
WS/MP18225/2024-2025/144734,0,0.1038310232211288,Detected by Isolation Forest pattern analysis,0,0,0.0,0,0,Normal
WS/MP429/2024-2025/144852,0,0.0630004088957385,Detected by Isolation Forest pattern analysis,0,0,0.0,0,0,Normal
WS/MP334/2024-2025/144871,0,0.199221726394551,Detected by Isolation Forest pattern analysis,0,0,0.0,0,0,Normal
WS/MP334/2024-2025/144872,0,0.1999197908717659,Detected by Isolation Forest pattern analysis,0,0,0.0,0,0,Normal
WS/MP334/2024-2025/144873,0,0.199221726394551,Detected by Isolation Forest pattern analysis,0,0,0.0,0,0,Normal
WS/MP334/2024-2025/144876,0,0.2003321723134133,Detected by Isolation Forest pattern analysis,0,0,0.0,0,0,Normal
WS/MP334/2024-2025/144877,0,0.2003321723134133,Detected by Isolation Forest pattern analysis,0,0,0.0,0,0,Normal
WS/MP334/2024-2025/144879,0,0.2032440442876898,Detected by Isolation Forest pattern analysis,0,0,0.0,0,0,Normal
WS/MP334/2024-2025/144880,0,0.0875771500721233,Detected by Isolation Forest pattern analysis,0,0,0.0,0,0,Normal
WS/MP334/2024-2025/144888,0,0.1999197908717659,Detected by Isolation Forest pattern analysis,0,0,0.0,0,0,Normal
WS/MP334/2024-2025/144894,0,0.2032440442876898,Detected by Isolation Forest pattern analysis,0,0,0.0,0,0,Normal
WS/MP334/2024-2025/144899,0,0.2032440442876898,Detected by Isolation Forest pattern analysis,0,0,0.0,0,0,Normal
WS/MP384/2024-2025/145237,0,0.1720674536711465,Detected by Isolation Forest pattern analysis,0,0,0.0,0,0,Normal
WS/MP18170/2024-2025/145318,0,0.155413928701013,Detected by Isolation Forest pattern analysis,0,0,0.0,0,0,Normal
WS/MP353/2024-2025/145372,0,0.1654033086500698,Detected by Isolation Forest pattern analysis,0,0,0.0,0,0,Normal
WS/MP370/2024-2025/145374,0,0.1686110171190308,Detected by Isolation Forest pattern analysis,0,0,0.0,0,0,Normal
WS/MP598/2025-2026/145400,0,0.2192139024353128,Detected by Isolation Forest pattern analysis,0,0,0.0,0,0,Normal
WS/MP598/2025-2026/145401,0,0.2192139024353128,Detected by Isolation Forest pattern analysis,0,0,0.0,0,0,Normal
WS/MP598/2025-2026/145402,0,0.2192139024353128,Detected by Isolation Forest pattern analysis,0,0,0.0,0,0,Normal
WS/MP18308/2025-2026/145424,0,0.2095415096384484,Detected by Isolation Forest pattern analysis,0,1,0.0,0,20,Medium
WS/MP18308/2025-2026/145425,0,0.1896015686133661,Detected by Isolation Forest pattern analysis,0,1,0.0,0,20,Medium
WS/MP18308/2025-2026/145427,0,0.2058081210452818,Detected by Isolation Forest pattern analysis,1,1,0.0,0,45,Medium
WS/MP18308/2025-2026/145430,0,0.1896015686133661,Detected by Isolation Forest pattern analysis,0,1,0.0,0,20,Medium
WS/MP18209/2025-2026/145439,0,0.099577933040952,Detected by Isolation Forest pattern analysis,0,0,0.0,0,0,Normal
WS/MP18209/2025-2026/145458,0,0.0405967978845132,Detected by Isolation Forest pattern analysis,0,0,0.0,0,0,Normal
WS/MP384/2024-2025/145480,0,0.2258070440170199,Detected by Isolation Forest pattern analysis,0,0,0.0,0,0,Normal
WS/MP384/2024-2025/145488,0,0.1480682874497089,Detected by Isolation Forest pattern analysis,0,0,0.0,0,0,Normal
WS/MP370/2024-2025/145536,0,0.0921215828320273,Detected by Isolation Forest pattern analysis,0,0,0.0,0,0,Normal
WS/MP370/2024-2025/145537,1,-0.0175903793437373,Unusually high number of payments,0,0,0.0,0,40,Medium
WS/MP370/2024-2025/145539,0,0.23015238555681,Detected by Isolation Forest pattern analysis,0,0,0.0,0,0,Normal
WS/MP370/2024-2025/145540,0,0.2041607083180497,Detected by Isolation Forest pattern analysis,0,0,0.0,0,0,Normal
WS/MP370/2024-2025/145558,0,0.1650396167419069,Detected by Isolation Forest pattern analysis,0,0,0.0,0,0,Normal
WS/MP18048/2024-2025/145571,0,0.167838664541566,Detected by Isolation Forest pattern analysis,0,0,0.0,0,0,Normal
WS/MP18076/2024-2025/145643,0,0.1448170517702632,Detected by Isolation Forest pattern analysis,0,0,0.0,0,0,Normal
WS/MP18321/2025-2026/145741,0,0.2073915774122236,Detected by Isolation Forest pattern analysis,0,0,0.0,0,0,Normal
WS/MP18021/2025-2026/145958,0,0.1047811239923283,Detected by Isolation Forest pattern analysis,0,0,0.0,0,0,Normal
WS/MP526/2025-2026/146057,0,0.1615437459574693,Detected by Isolation Forest pattern analysis,0,0,0.0,0,0,Normal
WS/MP18019/2024-2025/146093,0,0.0991706178207868,Detected by Isolation Forest pattern analysis,0,0,0.0,0,0,Normal
WS/MP598/2024-2025/146118,0,0.2287618479556545,Detected by Isolation Forest pattern analysis,0,0,0.0,0,0,Normal
WS/MP727/2024-2025/146159,0,0.1342331038392938,Detected by Isolation Forest pattern analysis,0,0,0.0,0,0,Normal
WS/MP643/2024-2025/146340,0,0.1712518533457629,Detected by Isolation Forest pattern analysis,0,0,1.0,1,15,Low
WS/MP643/2026-2027/146359,0,0.1858936927088686,Detected by Isolation Forest pattern analysis,0,0,0.0,0,0,Normal
WS/MP643/2025-2026/146414,0,0.0800364950905901,Detected by Isolation Forest pattern analysis,0,0,0.0,0,0,Normal
WS/MP18307/2025-2026/146575,0,0.2079452251529815,Detected by Isolation Forest pattern analysis,0,1,0.0,0,20,Medium
WS/MP643/2024-2025/146592,0,0.0091426925027285,Unusually high number of payments,0,0,0.0,0,0,Normal
WS/MP643/2025-2026/146594,1,-0.0205881353892274,Unusually high number of payments,0,0,0.0,0,40,Medium
WS/MP761/2025-2026/146633,0,0.1612377615299629,Detected by Isolation Forest pattern analysis,0,0,1.0,1,15,Low
WS/MP761/2025-2026/146645,0,0.1612377615299629,Detected by Isolation Forest pattern analysis,0,0,0.0,0,0,Normal
WS/MP18323/2026-2027/146709,0,0.1368574178637673,Detected by Isolation Forest pattern analysis,0,0,0.0,0,0,Normal
WS/MP18323/2025-2026/146716,0,0.1948620361324851,Detected by Isolation Forest pattern analysis,0,0,0.0,0,0,Normal
WS/MP18323/2026-2027/146717,0,0.0917753511285944,Detected by Isolation Forest pattern analysis,0,0,0.0,0,0,Normal
WS/MP18323/2025-2026/146867,0,0.2108864683365158,Detected by Isolation Forest pattern analysis,0,0,0.0,0,0,Normal
WS/MP524/2024-2025/147047,0,0.2145739089970697,Detected by Isolation Forest pattern analysis,0,0,0.0,0,0,Normal
WS/MP18162/2024-2025/147105,1,-0.0173973811235688,Unusually high number of payments,0,0,0.0,0,40,Medium
WS/MP18095/2025-2026/147276,0,0.0229704394267212,Detected by Isolation Forest pattern analysis,0,0,0.0,0,0,Normal
WS/MP18095/2025-2026/147281,0,0.2158478762820509,Detected by Isolation Forest pattern analysis,1,1,0.0,0,45,Medium
WS/MP529/2024-2025/147335,0,0.1324377758511118,Detected by Isolation Forest pattern analysis,0,0,0.0,0,0,Normal
WS/MP582/2025-2026/147364,0,0.2376876574189987,Detected by Isolation Forest pattern analysis,0,0,0.0,0,0,Normal
WS/MP18095/2025-2026/147401,0,0.0531271763832101,Detected by Isolation Forest pattern analysis,0,0,0.0,0,0,Normal
WS/MP18172/2024-2025/147440,0,0.1728930464817212,Detected by Isolation Forest pattern analysis,0,0,0.0,0,0,Normal
WS/MP661/2025-2026/147454,0,0.1957403165697663,Detected by Isolation Forest pattern analysis,0,0,0.0,0,0,Normal
WS/MP661/2026-2027/147464,0,0.0448784389837048,Detected by Isolation Forest pattern analysis,0,0,0.0,0,0,Normal
WS/MP526/2024-2025/147535,0,0.1979617874527591,Detected by Isolation Forest pattern analysis,0,0,0.0,0,0,Normal
WS/MP526/2024-2025/147605,0,0.1776273881152043,Detected by Isolation Forest pattern analysis,0,0,0.0,0,0,Normal
WS/MP526/2024-2025/147606,0,0.1902673771480815,Detected by Isolation Forest pattern analysis,0,0,0.0,0,0,Normal
WS/MP18242/2025-2026/148018,0,0.1516150876303812,Detected by Isolation Forest pattern analysis,0,0,0.0,0,0,Normal
WS/MP18048/2024-2025/148031,0,0.2133439079605456,Detected by Isolation Forest pattern analysis,0,0,0.0,0,0,Normal
WS/MP600/2024-2025/148047,0,0.2293092834547975,Detected by Isolation Forest pattern analysis,0,0,0.0,0,0,Normal
WS/MP18144/2024-2025/148055,0,0.2257367553380754,Detected by Isolation Forest pattern analysis,0,0,0.0,0,0,Normal
WS/MP18144/2024-2025/148133,0,0.2257367553380754,Detected by Isolation Forest pattern analysis,0,0,0.0,0,0,Normal
WS/MP18144/2024-2025/148134,0,0.2257367553380754,Detected by Isolation Forest pattern analysis,0,0,0.0,0,0,Normal
WS/MP18144/2024-2025/148135,0,0.2257367553380754,Detected by Isolation Forest pattern analysis,0,0,0.0,0,0,Normal
WS/MP18144/2024-2025/148136,0,0.2257367553380754,Detected by Isolation Forest pattern analysis,0,0,0.0,0,0,Normal
WS/MP18144/2024-2025/148137,0,0.2257367553380754,Detected by Isolation Forest pattern analysis,0,0,0.0,0,0,Normal
WS/MP18328/2026-2027/148155,0,0.1252448755573595,Detected by Isolation Forest pattern analysis,0,0,0.0,0,0,Normal
WS/MP600/2024-2025/148165,0,0.2293092834547975,Detected by Isolation Forest pattern analysis,0,0,0.0,0,0,Normal
WS/MP18328/2025-2026/148181,0,0.1150758410737566,Detected by Isolation Forest pattern analysis,0,0,0.0,0,0,Normal
WS/MP600/2024-2025/148197,0,0.2179618003903795,Detected by Isolation Forest pattern analysis,0,0,0.0,0,0,Normal
WS/MP600/2025-2026/148229,0,0.2207892967569671,Detected by Isolation Forest pattern analysis,0,0,0.0,0,0,Normal
WS/MP600/2025-2026/148242,0,0.1534636822247617,Detected by Isolation Forest pattern analysis,0,0,0.0,0,0,Normal
WS/MP600/2024-2025/148247,0,0.2293092834547975,Detected by Isolation Forest pattern analysis,0,0,0.0,0,0,Normal
WS/MP18227/2024-2025/148293,0,0.1271110984102345,Detected by Isolation Forest pattern analysis,0,0,0.0,0,0,Normal
WS/MP18205/2024-2025/148363,0,0.2346605999364773,Detected by Isolation Forest pattern analysis,0,0,1.0,1,15,Low
WS/MP18133/2025-2026/148457,0,0.2478549594813079,Detected by Isolation Forest pattern analysis,0,0,0.0,0,0,Normal
WS/MP18133/2025-2026/148475,0,0.1674344877707198,Detected by Isolation Forest pattern analysis,0,0,0.0,0,0,Normal
WS/MP18133/2025-2026/148477,0,0.2280277036171598,Detected by Isolation Forest pattern analysis,0,0,0.0,0,0,Normal
WS/MP18133/2025-2026/148507,0,0.2340669932506439,Detected by Isolation Forest pattern analysis,0,0,0.0,0,0,Normal
WS/MP18133/2025-2026/148512,0,0.2391984281140716,Detected by Isolation Forest pattern analysis,0,0,0.0,0,0,Normal
WS/MP18133/2025-2026/148516,0,0.2377061006803377,Detected by Isolation Forest pattern analysis,0,0,0.0,0,0,Normal
WS/MP18133/2025-2026/148559,0,0.1981451417270116,Detected by Isolation Forest pattern analysis,0,0,0.0,0,0,Normal
WS/MP18133/2025-2026/148566,0,0.2478549594813079,Detected by Isolation Forest pattern analysis,0,0,0.0,0,0,Normal
WS/MP18133/2025-2026/148567,0,0.1981451417270116,Detected by Isolation Forest pattern analysis,0,0,0.0,0,0,Normal
WS/MP18133/2025-2026/148571,0,0.2478549594813079,Detected by Isolation Forest pattern analysis,0,0,0.0,0,0,Normal
WS/MP18390/2026-2027/148734,0,0.0011697261929134,Detected by Isolation Forest pattern analysis,0,0,0.0,0,0,Normal
WS/MP18390/2026-2027/148735,0,0.003520295330045,Detected by Isolation Forest pattern analysis,0,0,0.0,0,0,Normal
WS/MP18390/2024-2025/148737,0,0.174278904391006,Detected by Isolation Forest pattern analysis,0,0,0.0,0,0,Normal
WS/MP18390/2024-2025/148738,0,0.1733934360749428,Detected by Isolation Forest pattern analysis,0,0,0.0,0,0,Normal
WS/MP18095/2025-2026/148832,0,0.0975581616892554,Detected by Isolation Forest pattern analysis,0,1,0.0,0,20,Medium
WS/MP18133/2025-2026/148915,0,0.2344871593054025,Detected by Isolation Forest pattern analysis,0,0,0.0,0,0,Normal
WS/MP812/2026-2027/148927,0,0.0472209101446865,Detected by Isolation Forest pattern analysis,0,0,0.0,0,0,Normal
WS/MP758/2025-2026/149076,0,0.2120088210785923,Detected by Isolation Forest pattern analysis,0,0,0.0,0,0,Normal
WS/MP18172/2024-2025/149101,0,0.1624491690783697,Detected by Isolation Forest pattern analysis,0,0,0.0,0,0,Normal
WS/MP18175/2024-2025/149209,0,0.2133439079605456,Detected by Isolation Forest pattern analysis,0,1,0.0,0,20,Medium
WS/MP18175/2024-2025/149219,0,0.2154651417180447,Detected by Isolation Forest pattern analysis,0,1,0.0,0,20,Medium
WS/MP457/2024-2025/149288,0,0.2305054080649506,Detected by Isolation Forest pattern analysis,0,0,0.0,0,0,Normal
WS/MP654/2024-2025/149305,0,0.1357429754258032,Detected by Isolation Forest pattern analysis,0,0,0.0,0,0,Normal
WS/MP18177/2024-2025/149344,0,0.1810989618356205,Detected by Isolation Forest pattern analysis,0,1,0.0,0,20,Medium
WS/MP18048/2024-2025/149433,0,0.1746015766216294,Detected by Isolation Forest pattern analysis,0,0,0.0,0,0,Normal
WS/MP719/2024-2025/149562,0,0.1474473066365801,Detected by Isolation Forest pattern analysis,0,0,0.0,0,0,Normal
WS/MP18065/2024-2025/149667,0,0.1980912446514242,Detected by Isolation Forest pattern analysis,0,0,0.0,0,0,Normal
WS/MP18356/2025-2026/149682,0,0.0897579594493838,Detected by Isolation Forest pattern analysis,0,0,0.0,0,0,Normal
WS/MP828/2024-2025/149712,0,0.2294231640200317,Detected by Isolation Forest pattern analysis,0,0,0.0,0,0,Normal
WS/MP828/2024-2025/149717,0,0.2294231640200317,Detected by Isolation Forest pattern analysis,0,0,0.0,0,0,Normal
WS/MP458/2025-2026/149732,0,0.1192159025301585,Detected by Isolation Forest pattern analysis,0,1,0.0,0,20,Medium
WS/MP18277/2025-2026/149810,0,0.1507482712271393,Detected by Isolation Forest pattern analysis,1,1,0.0,0,45,Medium
WS/MP710/2025-2026/149889,0,0.160290075703761,Detected by Isolation Forest pattern analysis,0,0,0.0,0,0,Normal
WS/MP18263/2025-2026/149961,0,0.2053699298770762,Detected by Isolation Forest pattern analysis,0,0,0.0,0,0,Normal
WS/MP18263/2026-2027/149962,0,0.0818689109316649,Detected by Isolation Forest pattern analysis,0,0,0.0,0,0,Normal
WS/MP18263/2025-2026/149964,0,0.2098313797153724,Detected by Isolation Forest pattern analysis,0,0,0.0,0,0,Normal
WS/MP18188/2025-2026/149967,0,0.1898109469688785,Detected by Isolation Forest pattern analysis,0,0,0.0,0,0,Normal
WS/MP18188/2025-2026/149968,0,0.1999529938132127,Detected by Isolation Forest pattern analysis,0,0,0.0,0,0,Normal
WS/MP18328/2024-2025/149978,0,0.1696284895844154,Detected by Isolation Forest pattern analysis,0,0,0.0,0,0,Normal
WS/MP329/2024-2025/150043,0,0.2179618003903795,Detected by Isolation Forest pattern analysis,0,0,0.0,0,0,Normal
WS/MP458/2025-2026/150048,0,0.2121625331565141,Detected by Isolation Forest pattern analysis,1,1,0.0,0,45,Medium
WS/MP458/2025-2026/150051,0,0.2156919392372169,Detected by Isolation Forest pattern analysis,0,1,0.0,0,20,Medium
WS/MP413/2025-2026/150066,0,0.2282595493745487,Detected by Isolation Forest pattern analysis,0,0,1.0,1,15,Low
WS/MP413/2025-2026/150073,0,0.2282595493745487,Detected by Isolation Forest pattern analysis,0,0,1.0,1,15,Low
WS/MP458/2026-2027/150074,0,0.1668221239245756,Detected by Isolation Forest pattern analysis,1,1,0.0,0,45,Medium
WS/MP413/2025-2026/150075,0,0.2282595493745487,Detected by Isolation Forest pattern analysis,0,0,1.0,1,15,Low
WS/MP413/2025-2026/150082,0,0.2282595493745487,Detected by Isolation Forest pattern analysis,0,0,1.0,1,15,Low
WS/MP413/2025-2026/150084,0,0.2282595493745487,Detected by Isolation Forest pattern analysis,0,0,0.9538,1,15,Low
WS/MP413/2025-2026/150086,0,0.2282595493745487,Detected by Isolation Forest pattern analysis,0,0,1.0,1,15,Low
WS/MP413/2025-2026/150089,0,0.227295086122147,Detected by Isolation Forest pattern analysis,0,0,1.0,1,15,Low
WS/MP413/2025-2026/150091,0,0.2282595493745487,Detected by Isolation Forest pattern analysis,0,0,1.0,1,15,Low
WS/MP413/2025-2026/150093,0,0.2282595493745487,Detected by Isolation Forest pattern analysis,0,0,1.0,1,15,Low
WS/MP413/2025-2026/150094,0,0.2282595493745487,Detected by Isolation Forest pattern analysis,0,0,0.0,0,0,Normal
WS/MP18248/2024-2025/150128,0,0.1456488860185414,Detected by Isolation Forest pattern analysis,0,0,0.0,0,0,Normal
WS/MP18248/2024-2025/150129,0,0.1543876964100622,Detected by Isolation Forest pattern analysis,0,0,0.0,0,0,Normal
WS/MP18193/2025-2026/150343,0,0.2195602277345381,Detected by Isolation Forest pattern analysis,0,0,0.0,0,0,Normal
WS/MP18108/2025-2026/150360,0,0.1628099464277367,Detected by Isolation Forest pattern analysis,0,0,0.0,0,0,Normal
WS/MP413/2026-2027/150424,0,0.1687619763150764,Detected by Isolation Forest pattern analysis,0,0,1.0,1,15,Low
WS/MP413/2026-2027/150425,0,0.1884396898409249,Detected by Isolation Forest pattern analysis,0,0,1.0,1,15,Low
WS/MP413/2025-2026/150426,0,0.2282595493745487,Detected by Isolation Forest pattern analysis,0,0,1.0,1,15,Low
WS/MP413/2026-2027/150427,0,0.1884396898409249,Detected by Isolation Forest pattern analysis,0,0,1.0,1,15,Low
WS/MP413/2025-2026/150428,0,0.2282595493745487,Detected by Isolation Forest pattern analysis,0,0,0.0,0,0,Normal
WS/MP413/2025-2026/150431,0,0.2282595493745487,Detected by Isolation Forest pattern analysis,0,0,1.0,1,15,Low
WS/MP413/2025-2026/150433,0,0.2282595493745487,Detected by Isolation Forest pattern analysis,0,0,1.0,1,15,Low
WS/MP413/2025-2026/150434,0,0.2282595493745487,Detected by Isolation Forest pattern analysis,0,0,0.0,0,0,Normal
WS/MP18225/2025-2026/150435,0,0.2524017429265308,Detected by Isolation Forest pattern analysis,0,0,0.0,0,0,Normal
WS/MP18225/2025-2026/150436,0,0.2524017429265308,Detected by Isolation Forest pattern analysis,0,0,0.0,0,0,Normal
WS/MP18225/2025-2026/150443,0,0.2524017429265308,Detected by Isolation Forest pattern analysis,0,0,0.0,0,0,Normal
WS/MP18225/2025-2026/150444,0,0.2521277451075271,Detected by Isolation Forest pattern analysis,0,0,0.0,0,0,Normal
WS/MP18225/2025-2026/150445,0,0.2521277451075271,Detected by Isolation Forest pattern analysis,0,0,0.0,0,0,Normal
WS/MP18225/2025-2026/150446,0,0.2521277451075271,Detected by Isolation Forest pattern analysis,0,0,0.0,0,0,Normal
WS/MP18225/2025-2026/150447,0,0.2521277451075271,Detected by Isolation Forest pattern analysis,0,0,0.0,0,0,Normal
WS/MP18225/2025-2026/150453,0,0.2521277451075271,Detected by Isolation Forest pattern analysis,0,0,0.0,0,0,Normal
WS/MP18225/2025-2026/150457,0,0.2521277451075271,Detected by Isolation Forest pattern analysis,0,0,0.0,0,0,Normal
WS/MP18225/2025-2026/150458,0,0.2521277451075271,Detected by Isolation Forest pattern analysis,0,0,0.0,0,0,Normal
WS/MP18225/2025-2026/150460,0,0.2521277451075271,Detected by Isolation Forest pattern analysis,0,0,0.0,0,0,Normal
WS/MP18225/2025-2026/150464,0,0.2521277451075271,Detected by Isolation Forest pattern analysis,0,0,0.0,0,0,Normal
WS/MP18225/2025-2026/150465,0,0.2521277451075271,Detected by Isolation Forest pattern analysis,0,0,0.0,0,0,Normal
WS/MP18225/2025-2026/150467,0,0.2521277451075271,Detected by Isolation Forest pattern analysis,0,0,0.0,0,0,Normal
WS/MP18225/2025-2026/150468,0,0.2521277451075271,Detected by Isolation Forest pattern analysis,0,0,0.0,0,0,Normal
WS/MP18225/2025-2026/150474,0,0.2521277451075271,Detected by Isolation Forest pattern analysis,0,0,0.0,0,0,Normal
WS/MP18225/2025-2026/150482,0,0.2521277451075271,Detected by Isolation Forest pattern analysis,0,0,0.0,0,0,Normal
WS/MP18225/2025-2026/150486,0,0.2521277451075271,Detected by Isolation Forest pattern analysis,0,0,0.0,0,0,Normal
WS/MP18225/2025-2026/150490,0,0.2521277451075271,Detected by Isolation Forest pattern analysis,0,0,0.0,0,0,Normal
WS/MP18225/2025-2026/150491,0,0.2521277451075271,Detected by Isolation Forest pattern analysis,0,0,0.0,0,0,Normal
WS/MP18225/2025-2026/150492,0,0.2521277451075271,Detected by Isolation Forest pattern analysis,0,0,0.0,0,0,Normal
WS/MP18225/2025-2026/150510,0,0.2521277451075271,Detected by Isolation Forest pattern analysis,0,0,0.0,0,0,Normal
WS/MP18225/2025-2026/150512,0,0.2521277451075271,Detected by Isolation Forest pattern analysis,0,0,0.0,0,0,Normal
WS/MP18225/2025-2026/150513,0,0.2521277451075271,Detected by Isolation Forest pattern analysis,0,0,0.0,0,0,Normal
WS/MP18225/2025-2026/150518,0,0.2521277451075271,Detected by Isolation Forest pattern analysis,0,0,0.0,0,0,Normal
WS/MP18225/2025-2026/150519,0,0.2521277451075271,Detected by Isolation Forest pattern analysis,0,0,0.0,0,0,Normal
WS/MP18225/2025-2026/150520,0,0.2521277451075271,Detected by Isolation Forest pattern analysis,0,0,0.0,0,0,Normal
WS/MP18225/2025-2026/150525,0,0.2521277451075271,Detected by Isolation Forest pattern analysis,0,0,0.0,0,0,Normal
WS/MP18225/2025-2026/150536,0,0.2521277451075271,Detected by Isolation Forest pattern analysis,0,0,0.0,0,0,Normal
WS/MP18225/2025-2026/150538,0,0.2521277451075271,Detected by Isolation Forest pattern analysis,0,0,0.0,0,0,Normal
WS/MP18225/2025-2026/150539,0,0.2521277451075271,Detected by Isolation Forest pattern analysis,0,0,0.0,0,0,Normal
WS/MP18225/2025-2026/150540,0,0.2521277451075271,Detected by Isolation Forest pattern analysis,0,0,0.0,0,0,Normal
WS/MP18225/2025-2026/150541,0,0.2521277451075271,Detected by Isolation Forest pattern analysis,0,0,0.0,0,0,Normal
WS/MP18225/2025-2026/150542,0,0.2521277451075271,Detected by Isolation Forest pattern analysis,0,0,0.0,0,0,Normal
WS/MP18225/2025-2026/150543,0,0.2521277451075271,Detected by Isolation Forest pattern analysis,0,0,0.0,0,0,Normal
WS/MP18225/2025-2026/150545,0,0.2521277451075271,Detected by Isolation Forest pattern analysis,0,0,0.0,0,0,Normal
WS/MP18225/2025-2026/150546,0,0.2521277451075271,Detected by Isolation Forest pattern analysis,0,0,0.0,0,0,Normal
WS/MP18225/2025-2026/150547,0,0.2521277451075271,Detected by Isolation Forest pattern analysis,0,0,0.0,0,0,Normal
WS/MP18225/2025-2026/150551,0,0.2521277451075271,Detected by Isolation Forest pattern analysis,0,0,0.0,0,0,Normal
WS/MP18225/2025-2026/150554,0,0.2521277451075271,Detected by Isolation Forest pattern analysis,0,0,0.0,0,0,Normal
WS/MP18225/2025-2026/150555,0,0.2521277451075271,Detected by Isolation Forest pattern analysis,0,0,0.0,0,0,Normal
WS/MP18225/2025-2026/150558,0,0.2521277451075271,Detected by Isolation Forest pattern analysis,0,0,0.0,0,0,Normal
WS/MP18225/2025-2026/150561,0,0.2521277451075271,Detected by Isolation Forest pattern analysis,0,0,0.0,0,0,Normal
WS/MP18277/2025-2026/150717,0,0.2309996421676354,Detected by Isolation Forest pattern analysis,0,0,0.0,0,0,Normal
WS/MP18335/2025-2026/150744,0,0.1039340098672055,Detected by Isolation Forest pattern analysis,0,0,0.0,0,0,Normal
WS/MP18335/2025-2026/150782,0,0.2038245366139752,Detected by Isolation Forest pattern analysis,0,0,0.0,0,0,Normal
WS/MP18335/2025-2026/150784,0,0.1460086034824796,Detected by Isolation Forest pattern analysis,0,0,0.0,0,0,Normal
WS/MP251/2025-2026/150786,0,0.2014218611305333,Detected by Isolation Forest pattern analysis,0,0,0.0,0,0,Normal
WS/MP18225/2025-2026/150818,0,0.2521277451075271,Detected by Isolation Forest pattern analysis,0,0,0.0,0,0,Normal
WS/MP18225/2025-2026/150832,0,0.2521277451075271,Detected by Isolation Forest pattern analysis,0,0,0.0,0,0,Normal
WS/MP18225/2025-2026/150834,0,0.2521277451075271,Detected by Isolation Forest pattern analysis,0,0,0.0,0,0,Normal
WS/MP18225/2025-2026/150835,0,0.2521277451075271,Detected by Isolation Forest pattern analysis,0,0,0.0,0,0,Normal
WS/MP18225/2025-2026/150836,0,0.2521277451075271,Detected by Isolation Forest pattern analysis,0,0,0.0,0,0,Normal
WS/MP18225/2025-2026/150837,0,0.2521277451075271,Detected by Isolation Forest pattern analysis,0,0,0.0,0,0,Normal
WS/MP18248/2024-2025/150921,0,0.2187733355314454,Detected by Isolation Forest pattern analysis,0,0,0.0,0,0,Normal
WS/MP18248/2024-2025/150922,0,0.1101242627166531,Detected by Isolation Forest pattern analysis,0,0,0.0,0,0,Normal
WS/MP18225/2025-2026/151079,0,0.2521277451075271,Detected by Isolation Forest pattern analysis,0,0,0.0,0,0,Normal
WS/MP18225/2025-2026/151082,0,0.2521277451075271,Detected by Isolation Forest pattern analysis,0,0,0.0,0,0,Normal
WS/MP18225/2025-2026/151098,0,0.2521277451075271,Detected by Isolation Forest pattern analysis,0,0,0.0,0,0,Normal
WS/MP18324/2025-2026/151103,0,0.2145142069206226,Detected by Isolation Forest pattern analysis,0,0,0.0,0,0,Normal
WS/MP18324/2025-2026/151106,0,0.2227239005272797,Detected by Isolation Forest pattern analysis,0,0,0.0,0,0,Normal
WS/MP18324/2025-2026/151157,0,0.2035296034335532,Detected by Isolation Forest pattern analysis,0,0,0.0,0,0,Normal
WS/MP18324/2024-2025/151159,0,0.2386805777931837,Detected by Isolation Forest pattern analysis,0,0,0.0,0,0,Normal
WS/MP18181/2025-2026/151263,0,0.2166042383990765,Detected by Isolation Forest pattern analysis,0,0,0.0,0,0,Normal
WS/MP18181/2025-2026/151264,0,0.2166042383990765,Detected by Isolation Forest pattern analysis,0,0,0.0,0,0,Normal
WS/MP18181/2026-2027/151265,0,0.130575481246585,Detected by Isolation Forest pattern analysis,0,0,0.0,0,0,Normal
WS/MP18227/2025-2026/151392,0,0.2021472098217861,Detected by Isolation Forest pattern analysis,0,0,0.0,0,0,Normal
WS/MP18227/2025-2026/151393,0,0.2021472098217861,Detected by Isolation Forest pattern analysis,0,0,0.0,0,0,Normal
WS/MP18227/2025-2026/151394,0,0.2021472098217861,Detected by Isolation Forest pattern analysis,0,0,0.0,0,0,Normal
WS/MP18227/2025-2026/151395,0,0.2021472098217861,Detected by Isolation Forest pattern analysis,0,0,0.0,0,0,Normal
WS/MP18227/2025-2026/151396,0,0.2021472098217861,Detected by Isolation Forest pattern analysis,0,0,0.0,0,0,Normal
WS/MP18227/2025-2026/151397,0,0.2021472098217861,Detected by Isolation Forest pattern analysis,0,0,0.0,0,0,Normal
WS/MP18227/2025-2026/151398,0,0.2021472098217861,Detected by Isolation Forest pattern analysis,0,0,0.0,0,0,Normal
WS/MP18227/2025-2026/151399,0,0.2021472098217861,Detected by Isolation Forest pattern analysis,0,0,0.0,0,0,Normal
WS/MP18227/2025-2026/151400,0,0.2021472098217861,Detected by Isolation Forest pattern analysis,0,0,0.0,0,0,Normal
WS/MP18227/2025-2026/151402,0,0.2021472098217861,Detected by Isolation Forest pattern analysis,0,0,0.0,0,0,Normal
WS/MP18227/2025-2026/151404,0,0.2021472098217861,Detected by Isolation Forest pattern analysis,0,0,0.0,0,0,Normal
WS/MP18227/2025-2026/151406,0,0.2021472098217861,Detected by Isolation Forest pattern analysis,0,0,0.0,0,0,Normal
WS/MP18227/2025-2026/151408,0,0.2021472098217861,Detected by Isolation Forest pattern analysis,0,0,0.0,0,0,Normal
WS/MP18227/2025-2026/151414,0,0.2021472098217861,Detected by Isolation Forest pattern analysis,0,0,0.0,0,0,Normal
WS/MP18227/2025-2026/151420,0,0.2021472098217861,Detected by Isolation Forest pattern analysis,0,0,0.0,0,0,Normal
WS/MP18227/2025-2026/151422,0,0.2021472098217861,Detected by Isolation Forest pattern analysis,0,0,0.0,0,0,Normal
WS/MP18227/2025-2026/151424,0,0.2021472098217861,Detected by Isolation Forest pattern analysis,0,0,0.0,0,0,Normal
WS/MP18227/2025-2026/151425,0,0.2021472098217861,Detected by Isolation Forest pattern analysis,0,0,0.0,0,0,Normal
WS/MP719/2025-2026/151460,0,0.1393027455805656,Detected by Isolation Forest pattern analysis,0,1,0.0,0,20,Medium
WS/MP18324/2024-2025/151485,0,0.2279811756572697,Detected by Isolation Forest pattern analysis,0,0,0.0,0,0,Normal
WS/MP18324/2025-2026/151490,0,0.2250423132891063,Detected by Isolation Forest pattern analysis,0,0,0.0,0,0,Normal
WS/MP18324/2025-2026/151491,0,0.2313696159543115,Detected by Isolation Forest pattern analysis,0,0,0.0,0,0,Normal
WS/MP755/2024-2025/151521,0,0.2386805777931837,Detected by Isolation Forest pattern analysis,0,0,0.0,0,0,Normal
WS/MP598/2025-2026/151540,0,0.1323748511497927,Detected by Isolation Forest pattern analysis,0,0,0.0,0,0,Normal
WS/MP598/2025-2026/151541,0,0.1186554775296164,Detected by Isolation Forest pattern analysis,0,0,0.0,0,0,Normal
WS/MP598/2025-2026/151547,0,0.2185557613197506,Detected by Isolation Forest pattern analysis,0,0,0.0,0,0,Normal
WS/MP598/2024-2025/151550,0,0.2133990944694404,Detected by Isolation Forest pattern analysis,0,0,0.0,0,0,Normal
WS/MP598/2024-2025/151552,0,0.1597807935468875,Detected by Isolation Forest pattern analysis,0,0,0.0,0,0,Normal
WS/MP524/2024-2025/151573,0,0.1994705489437273,Detected by Isolation Forest pattern analysis,0,0,0.0,0,0,Normal
WS/MP640/2026-2027/151609,1,-0.0251940534443247,Unusually high number of payments,0,0,0.0,0,40,Medium
WS/MP640/2026-2027/151610,1,-0.0279046984532536,Unusually high number of payments,0,0,0.0,0,40,Medium
WS/MP640/2026-2027/151611,1,-0.0033973768639694,Unusually high number of payments,0,0,0.0,0,40,Medium
WS/MP640/2026-2027/151613,1,-0.0467188993905246,Unusually high number of payments,0,0,0.0,0,40,Medium
WS/MP429/2024-2025/151718,0,0.1576038900030339,Detected by Isolation Forest pattern analysis,0,0,0.0,0,0,Normal
WS/MP18263/2025-2026/151980,0,0.1828198306839081,Detected by Isolation Forest pattern analysis,0,0,0.0,0,0,Normal
WS/MP18265/2025-2026/152005,0,0.2202574502068243,Detected by Isolation Forest pattern analysis,0,0,0.0,0,0,Normal
WS/MP18265/2025-2026/152008,0,0.2202574502068243,Detected by Isolation Forest pattern analysis,0,0,0.0,0,0,Normal
WS/MP18049/2024-2025/152160,0,0.1709151833741994,Detected by Isolation Forest pattern analysis,0,0,0.0,0,0,Normal
WS/MP18049/2025-2026/152171,0,0.2450147159927769,Detected by Isolation Forest pattern analysis,0,0,0.0,0,0,Normal
WS/MP18049/2025-2026/152172,0,0.2340373855049902,Detected by Isolation Forest pattern analysis,0,1,0.0,0,20,Medium
WS/MP18049/2025-2026/152174,0,0.2458988664860694,Detected by Isolation Forest pattern analysis,0,0,0.0,0,0,Normal
WS/MP18049/2024-2025/152243,0,0.1048267567057091,Detected by Isolation Forest pattern analysis,0,1,0.0,0,20,Medium
WS/MP18065/2026-2027/152353,1,-0.0484506297007898,Detected by Isolation Forest pattern analysis,0,0,0.0,0,40,Medium
WS/MP638/2024-2025/152372,0,0.2092182316010494,Detected by Isolation Forest pattern analysis,0,0,1.0,1,15,Low
WS/MP827/2024-2025/152397,0,0.1601083416187913,Detected by Isolation Forest pattern analysis,0,0,0.0,0,0,Normal
WS/MP638/2024-2025/152420,0,0.1691377258122982,Detected by Isolation Forest pattern analysis,0,0,1.0,1,15,Low
WS/MP638/2024-2025/152443,0,0.217059707105544,Detected by Isolation Forest pattern analysis,0,0,1.0,1,15,Low
WS/MP638/2024-2025/152444,0,0.2173232196809759,Detected by Isolation Forest pattern analysis,0,0,0.0,0,0,Normal
WS/MP638/2024-2025/152450,0,0.2173232196809759,Detected by Isolation Forest pattern analysis,0,0,1.0,1,15,Low
WS/MP526/2026-2027/152486,0,0.1549798825276949,Detected by Isolation Forest pattern analysis,0,0,0.0,0,0,Normal
WS/MP526/2026-2027/152487,0,0.1389623074157177,Detected by Isolation Forest pattern analysis,0,0,0.0,0,0,Normal
WS/MP18321/2025-2026/152523,0,0.2499275496842311,Detected by Isolation Forest pattern analysis,0,0,0.0,0,0,Normal
WS/MP18321/2024-2025/152559,0,0.228861297806366,Detected by Isolation Forest pattern analysis,0,0,0.0,0,0,Normal
WS/MP638/2025-2026/152569,0,0.1118320482221432,Detected by Isolation Forest pattern analysis,0,0,0.0,0,0,Normal
WS/MP18104/2026-2027/152597,0,0.1858936927088686,Detected by Isolation Forest pattern analysis,0,0,0.0,0,0,Normal
WS/MP18313/2024-2025/152806,0,0.1117549100289189,Detected by Isolation Forest pattern analysis,0,0,0.0,0,0,Normal
WS/MP18238/2025-2026/152813,0,0.112719805644191,Detected by Isolation Forest pattern analysis,0,0,0.0,0,0,Normal
WS/MP755/2026-2027/152826,0,0.043866781887651,Detected by Isolation Forest pattern analysis,0,1,0.0,0,20,Medium
WS/MP823/2025-2026/152969,0,0.1269757235567332,Detected by Isolation Forest pattern analysis,1,1,0.0,0,45,Medium
WS/MP722/2024-2025/153047,0,0.1011096991475934,Detected by Isolation Forest pattern analysis,0,1,0.0,0,20,Medium
WS/MP18104/2025-2026/153165,0,0.2195977531572607,Detected by Isolation Forest pattern analysis,0,0,0.0,0,0,Normal
WS/MP541/2025-2026/153187,0,0.0900329504862983,Detected by Isolation Forest pattern analysis,0,0,0.0,0,0,Normal
WS/MP18336/2025-2026/153252,0,0.1067122577398831,Detected by Isolation Forest pattern analysis,0,0,0.0,0,0,Normal
WS/MP727/2024-2025/153496,0,0.2105847185188749,Detected by Isolation Forest pattern analysis,0,0,0.0,0,0,Normal
WS/MP18249/2025-2026/153601,0,0.1414731532892748,Detected by Isolation Forest pattern analysis,1,1,0.0,0,45,Medium
WS/MP18311/2024-2025/153620,0,0.0404655609430455,Unusually high number of payments,0,0,0.0,0,0,Normal
WS/MP18311/2024-2025/153634,0,0.0656798509771222,Detected by Isolation Forest pattern analysis,0,0,0.0,0,0,Normal
WS/MP541/2025-2026/153673,0,0.1094270109368303,Detected by Isolation Forest pattern analysis,0,0,0.0,0,0,Normal
WS/MP18324/2024-2025/153722,0,0.2279811756572697,Detected by Isolation Forest pattern analysis,0,0,0.0,0,0,Normal
WS/MP18311/2024-2025/153729,1,-0.002226039036061,Unusually high number of payments,0,0,0.0,0,40,Medium
WS/MP541/2025-2026/153744,0,0.0181685077518,Detected by Isolation Forest pattern analysis,0,0,0.0,0,0,Normal
WS/MP18324/2024-2025/153761,0,0.18295666083447,Detected by Isolation Forest pattern analysis,0,0,0.0,0,0,Normal
WS/MP18248/2024-2025/153846,0,0.185448694382802,Detected by Isolation Forest pattern analysis,0,0,0.0,0,0,Normal
WS/MP18062/2025-2026/153853,0,0.1651044813070971,Detected by Isolation Forest pattern analysis,0,0,0.0,0,0,Normal
WS/MP18062/2024-2025/153855,0,0.103831362342072,Detected by Isolation Forest pattern analysis,0,0,0.0,0,0,Normal
WS/MP18311/2024-2025/153875,0,0.0908720086082147,Detected by Isolation Forest pattern analysis,0,0,0.0,0,0,Normal
WS/MP761/2026-2027/153904,0,0.1120871770110388,Detected by Isolation Forest pattern analysis,0,0,0.0,0,0,Normal
WS/MP453/2025-2026/153905,0,0.2155306622200391,Detected by Isolation Forest pattern analysis,0,0,0.0,0,0,Normal
WS/MP453/2025-2026/153906,0,0.2155306622200391,Detected by Isolation Forest pattern analysis,0,0,0.0,0,0,Normal
WS/MP453/2025-2026/153908,0,0.2155306622200391,Detected by Isolation Forest pattern analysis,0,0,0.0,0,0,Normal
WS/MP453/2025-2026/153915,0,0.2155306622200391,Detected by Isolation Forest pattern analysis,0,0,0.0,0,0,Normal
WS/MP761/2025-2026/153917,0,0.1461947357517402,Detected by Isolation Forest pattern analysis,0,0,0.0,0,0,Normal
WS/MP761/2026-2027/153936,0,0.123292945956071,Detected by Isolation Forest pattern analysis,0,0,0.0,0,0,Normal
WS/MP761/2025-2026/153961,0,0.1612416772806919,Detected by Isolation Forest pattern analysis,0,0,0.0,0,0,Normal
WS/MP761/2025-2026/153965,0,0.2080902451829377,Detected by Isolation Forest pattern analysis,0,0,0.0,0,0,Normal
WS/MP453/2024-2025/153974,0,0.2309715009341826,Detected by Isolation Forest pattern analysis,0,0,0.0,0,0,Normal
WS/MP761/2025-2026/153980,0,0.1616665406398434,Detected by Isolation Forest pattern analysis,0,0,0.0,0,0,Normal
WS/MP761/2025-2026/153983,0,0.1621448626815784,Detected by Isolation Forest pattern analysis,0,0,0.0,0,0,Normal
